date,avg_sentiment,median_sentiment,min_sentiment,max_sentiment,article_count,pos_ratio,neg_ratio,neutral_ratio
2024-01-01,-0.10583203658461571,0.0,-0.9401412010192871,0.750447690486908,16,0.0625,0.1875,0.75
2024-01-02,0.16879365393813228,0.0,-0.9690302610397339,0.9567616581916809,71,0.3380281690140845,0.09859154929577464,0.5633802816901409
2024-01-03,0.1815755166790702,0.0,-0.9568442106246948,0.9345242381095886,55,0.4,0.14545454545454545,0.45454545454545453
2024-01-04,0.0951782376208204,0.0,-0.6619462966918945,0.9468749761581421,47,0.14893617021276595,0.0425531914893617,0.8085106382978723
2024-01-05,-0.13537282155731978,0.0,-0.9625285863876343,0.934758186340332,59,0.06779661016949153,0.22033898305084745,0.711864406779661
2024-01-06,-0.08880288445431253,0.0,-0.8211103677749634,0.5755488276481628,23,0.043478260869565216,0.17391304347826086,0.782608695652174
2024-01-07,-0.14209657907485962,0.0,-0.9710382223129272,0.0,17,0.0,0.17647058823529413,0.8235294117647058
2024-01-08,-0.050662083872433365,0.0,-0.9479020237922668,0.636367917060852,29,0.10344827586206896,0.13793103448275862,0.7586206896551724
2024-01-09,-0.23535041383334568,0.0,-0.9310840964317322,0.7463584542274475,35,0.02857142857142857,0.34285714285714286,0.6285714285714286
2024-01-10,0.042642376639626244,0.0,-0.6474002003669739,0.8743676543235779,66,0.12121212121212122,0.07575757575757576,0.803030303030303
2024-01-11,-0.047179263371687666,0.0,-0.9601456522941589,0.9184862971305847,52,0.19230769230769232,0.25,0.5576923076923077
2024-01-12,-0.27411211066775854,0.0,-0.9634466767311096,0.8882732391357422,45,0.044444444444444446,0.37777777777777777,0.5777777777777777
2024-01-13,0.15687627975757307,0.0,0.0,0.8147667050361633,13,0.23076923076923078,0.0,0.7692307692307693
2024-01-14,-0.1599129087784711,0.0,-0.9345106482505798,0.6073158383369446,17,0.058823529411764705,0.23529411764705882,0.7058823529411765
2024-01-15,-0.09856088033744267,0.0,-0.9298542737960815,0.8883658051490784,28,0.07142857142857142,0.17857142857142858,0.75
2024-01-16,0.02480108613398538,0.0,-0.9261483550071716,0.9279026389122009,67,0.16417910447761194,0.13432835820895522,0.7014925373134329
2024-01-17,-0.1940463918905992,0.0,-0.960546612739563,0.8649666905403137,52,0.057692307692307696,0.28846153846153844,0.6538461538461539
2024-01-18,-0.06767398757593972,0.0,-0.9623873829841614,0.93430095911026,56,0.10714285714285714,0.17857142857142858,0.7142857142857143
2024-01-19,-0.011460281908512115,0.0,-0.9615371823310852,0.86812824010849,32,0.1875,0.1875,0.625
2024-01-20,0.1194220781326294,0.0,0.0,0.8359545469284058,7,0.14285714285714285,0.0,0.8571428571428571
2024-01-21,0.023501267035802204,0.0,-0.6597839593887329,0.9417991638183594,12,0.08333333333333333,0.08333333333333333,0.8333333333333334
2024-01-22,-0.06109101474285126,0.0,-0.9653457999229431,0.690200686454773,40,0.025,0.1,0.875
2024-01-23,-0.013148542712716496,0.0,-0.8544536232948303,0.7718533277511597,34,0.08823529411764706,0.08823529411764706,0.8235294117647058
2024-01-24,-0.05747117337427641,0.0,-0.967459499835968,0.9425070881843567,76,0.14473684210526316,0.19736842105263158,0.6578947368421053
2024-01-25,-0.17529708854222703,0.0,-0.9661807417869568,0.7314627170562744,59,0.0847457627118644,0.2711864406779661,0.6440677966101694
2024-01-26,-0.1634142053754706,0.0,-0.9605680108070374,0.9476311206817627,57,0.14035087719298245,0.3333333333333333,0.5263157894736842
2024-01-27,-0.20696168261415818,0.0,-0.8713024258613586,0.0,17,0.0,0.29411764705882354,0.7058823529411765
2024-01-28,-0.05426903814077377,0.0,-0.8055189251899719,0.7412527799606323,16,0.0625,0.125,0.8125
2024-01-29,-0.004313036482384864,0.0,-0.9628633260726929,0.9429924488067627,47,0.19148936170212766,0.19148936170212766,0.6170212765957447
2024-01-30,-0.3527344009786282,0.0,-0.9651303291320801,0.848788857460022,53,0.018867924528301886,0.4528301886792453,0.5283018867924528
2024-01-31,-0.16509769412509182,0.0,-0.9514504075050354,0.9411276578903198,57,0.14035087719298245,0.3333333333333333,0.5263157894736842
2024-02-01,-0.07086143493652344,0.0,-0.9396083354949951,0.9430773258209229,60,0.13333333333333333,0.21666666666666667,0.65
2024-02-02,-0.286276728306946,0.0,-0.9759548306465149,0.9461963772773743,76,0.07894736842105263,0.40789473684210525,0.5131578947368421
2024-02-03,-0.1314265536410468,0.0,-0.9391312599182129,0.7356970906257629,28,0.07142857142857142,0.25,0.6785714285714286
2024-02-04,-0.15520218866212027,0.0,-0.9448930025100708,0.0,14,0.0,0.21428571428571427,0.7857142857142857
2024-02-05,-0.1415172629058361,0.0,-0.9737431406974792,0.9298245310783386,48,0.041666666666666664,0.22916666666666666,0.7291666666666666
2024-02-06,-0.06890779982010524,0.0,-0.9685317873954773,0.871302604675293,48,0.10416666666666667,0.1875,0.7083333333333334
2024-02-07,-0.08663119920870153,0.0,-0.9366879463195801,0.8473581075668335,41,0.12195121951219512,0.21951219512195122,0.6585365853658537
2024-02-08,0.019387781620025635,0.0,-0.6955183148384094,0.8802433013916016,37,0.05405405405405406,0.02702702702702703,0.918918918918919
2024-02-09,-0.036261655390262604,0.0,-0.9356200098991394,0.894572377204895,24,0.041666666666666664,0.08333333333333333,0.875
2024-02-10,-0.06770865275309636,0.0,-0.9566026926040649,0.900830864906311,13,0.07692307692307693,0.15384615384615385,0.7692307692307693
2024-02-11,-0.22081603453709528,0.0,-0.9098348021507263,0.6759359836578369,13,0.07692307692307693,0.38461538461538464,0.5384615384615384
2024-02-12,-0.06637073912710514,0.0,-0.945358157157898,0.8988132476806641,53,0.07547169811320754,0.1509433962264151,0.7735849056603774
2024-02-13,-0.019830355518742612,0.0,-0.9694421291351318,0.9394241571426392,38,0.15789473684210525,0.18421052631578946,0.6578947368421053
2024-02-14,0.0014036152420974358,0.0,-0.9513493180274963,0.9474733471870422,41,0.12195121951219512,0.12195121951219512,0.7560975609756098
2024-02-15,0.0008536775906880697,0.0,-0.9436877965927124,0.8961237072944641,27,0.1111111111111111,0.1111111111111111,0.7777777777777778
2024-02-16,-0.060400894709995816,0.0,-0.9436956644058228,0.9179602265357971,28,0.07142857142857142,0.14285714285714285,0.7857142857142857
2024-02-17,-0.035960161685943605,0.0,-0.9545161724090576,0.5949145555496216,10,0.1,0.1,0.8
2024-02-18,0.005587237722733442,0.0,-0.8342631459236145,0.800312340259552,17,0.11764705882352941,0.11764705882352941,0.7647058823529411
2024-02-19,-0.03287165415914435,0.0,-0.9691677093505859,0.8613640069961548,19,0.05263157894736842,0.10526315789473684,0.8421052631578947
2024-02-20,-0.13092424906790257,0.0,-0.9443327784538269,0.7742869853973389,32,0.09375,0.25,0.65625
2024-02-21,-0.15775872304521757,0.0,-0.9661480188369751,0.6666610240936279,29,0.06896551724137931,0.2413793103448276,0.6896551724137931
2024-02-22,0.02264475226402283,0.0,-0.850229024887085,0.8551737666130066,30,0.1,0.06666666666666667,0.8333333333333334
2024-02-23,0.1428331292193869,0.0,-0.8650875687599182,0.9183419942855835,23,0.21739130434782608,0.043478260869565216,0.7391304347826086
2024-02-24,-0.1986658527300908,0.0,-0.9603216052055359,0.0,13,0.0,0.23076923076923078,0.7692307692307693
2024-02-25,0.14714777138498095,0.0,-0.6593533158302307,0.8110505938529968,18,0.2777777777777778,0.05555555555555555,0.6666666666666666
2024-02-26,0.02191165950563219,0.0,-0.9460394978523254,0.800751268863678,45,0.1111111111111111,0.06666666666666667,0.8222222222222222
2024-02-27,0.03107352927327156,0.0,-0.8985514640808105,0.9171448945999146,32,0.09375,0.0625,0.84375
2024-02-28,0.055647806020883414,0.0,-0.9219092130661011,0.8854344487190247,65,0.15384615384615385,0.06153846153846154,0.7846153846153846
2024-02-29,0.011394329865773519,0.0,-0.9108521938323975,0.8285098671913147,60,0.1,0.06666666666666667,0.8333333333333334
2024-03-01,0.008444100618362427,0.0,-0.9304635524749756,0.8734882473945618,36,0.08333333333333333,0.08333333333333333,0.8333333333333334
2024-03-02,-0.05643043097327737,0.0,-0.9220203161239624,0.6225631237030029,17,0.058823529411764705,0.11764705882352941,0.8235294117647058
2024-03-03,-0.1971978921639292,0.0,-0.9213995933532715,0.7997578978538513,19,0.15789473684210525,0.3684210526315789,0.47368421052631576
2024-03-04,-0.199676784309181,0.0,-0.9710157513618469,0.5566105246543884,37,0.02702702702702703,0.2702702702702703,0.7027027027027027
2024-03-05,-0.24435269573460455,0.0,-0.9642199873924255,0.9484798312187195,46,0.043478260869565216,0.32608695652173914,0.6304347826086957
2024-03-06,-0.14714788265948026,0.0,-0.9633598327636719,0.9345752000808716,53,0.05660377358490566,0.24528301886792453,0.6981132075471698
2024-03-07,-0.05244744375899986,0.0,-0.9608287811279297,0.8412209153175354,54,0.1111111111111111,0.18518518518518517,0.7037037037037037
2024-03-08,-0.1145040640291178,0.0,-0.9543750286102295,0.9147656559944153,53,0.09433962264150944,0.22641509433962265,0.6792452830188679
2024-03-09,0.0682981381049523,0.0,0.0,0.8878757953643799,13,0.07692307692307693,0.0,0.9230769230769231
2024-03-10,-0.07576549053192139,0.0,-0.7576549053192139,0.0,10,0.0,0.1,0.9
2024-03-11,-0.1501680076122284,0.0,-0.9328879714012146,0.815819263458252,40,0.1,0.3,0.6
2024-03-12,-0.14335792660713195,0.0,-0.9648182988166809,0.9098451137542725,50,0.06,0.24,0.7
2024-03-13,-0.07974840373527713,0.0,-0.9633130431175232,0.7734307050704956,41,0.04878048780487805,0.14634146341463414,0.8048780487804879
2024-03-14,-0.14461233287022032,0.0,-0.9734752774238586,0.800911545753479,29,0.034482758620689655,0.2413793103448276,0.7241379310344828
2024-03-15,-0.005594892634285821,0.0,-0.9032339453697205,0.9444332122802734,45,0.1111111111111111,0.13333333333333333,0.7555555555555555
2024-03-16,0.03587952256202698,0.0,-0.9186491370201111,0.927406907081604,22,0.18181818181818182,0.13636363636363635,0.6818181818181818
2024-03-17,-0.2189369797706604,0.0,-0.8101772665977478,0.0,10,0.0,0.3,0.7
2024-03-18,-0.057175277760534576,0.0,-0.9340155720710754,0.9453972578048706,33,0.12121212121212122,0.21212121212121213,0.6666666666666666
2024-03-19,-0.056221953460148404,0.0,-0.9419417977333069,0.4995518624782562,35,0.05714285714285714,0.11428571428571428,0.8285714285714286
2024-03-20,-0.009105669127570258,0.0,-0.6912509202957153,0.8710048198699951,36,0.08333333333333333,0.1111111111111111,0.8055555555555556
2024-03-21,0.051893606781959534,0.0,-0.9191075563430786,0.8570801019668579,32,0.1875,0.09375,0.71875
2024-03-22,-0.03582063427677861,0.0,-0.9650493860244751,0.9414365291595459,27,0.14814814814814814,0.18518518518518517,0.6666666666666666
2024-03-23,-0.04111008919202364,0.0,-0.5344311594963074,0.0,13,0.0,0.07692307692307693,0.9230769230769231
2024-03-24,0.0,0.0,0.0,0.0,12,0.0,0.0,1.0
2024-03-25,-0.0339654769216265,0.0,-0.9594621062278748,0.7931680083274841,35,0.08571428571428572,0.11428571428571428,0.8
2024-03-26,0.06706515891211373,0.0,-0.795924186706543,0.712888777256012,35,0.14285714285714285,0.02857142857142857,0.8285714285714286
2024-03-27,0.041467661442963974,0.0,-0.6466797590255737,0.9326529502868652,23,0.08695652173913043,0.043478260869565216,0.8695652173913043
2024-03-28,-8.484896491555606e-07,0.0,-0.9703744053840637,0.7319879531860352,34,0.14705882352941177,0.11764705882352941,0.7352941176470589
2024-03-29,0.056896654197147914,0.0,-0.9406306147575378,0.9160290956497192,35,0.22857142857142856,0.14285714285714285,0.6285714285714286
2024-03-30,0.03468182157067692,0.0,0.0,0.5895909667015076,17,0.058823529411764705,0.0,0.9411764705882353
2024-03-31,0.06592590700496327,0.0,0.0,0.725184977054596,11,0.09090909090909091,0.0,0.9090909090909091
2024-04-01,0.037711939750573575,0.0,-0.9348407983779907,0.9499149918556213,39,0.23076923076923078,0.1794871794871795,0.5897435897435898
2024-04-02,-0.3901887262453798,0.0,-0.9740853905677795,0.9556271433830261,61,0.06557377049180328,0.4918032786885246,0.4426229508196721
2024-04-03,-0.21801254638405734,0.0,-0.9718595743179321,0.9420986175537109,43,0.11627906976744186,0.3488372093023256,0.5348837209302325
2024-04-04,-0.12312375871758711,0.0,-0.939748227596283,0.916409969329834,38,0.07894736842105263,0.23684210526315788,0.6842105263157895
2024-04-05,-0.24128227539964625,0.0,-0.9614951014518738,0.821157693862915,74,0.04054054054054054,0.32432432432432434,0.6351351351351351
2024-04-06,-0.02080953972680228,0.0,-0.8855505585670471,0.5942170023918152,14,0.07142857142857142,0.07142857142857142,0.8571428571428571
2024-04-07,-0.14493582646052042,0.0,-0.9679778218269348,0.0,21,0.0,0.19047619047619047,0.8095238095238095
2024-04-08,-0.18829836668791594,0.0,-0.9701238870620728,0.8370638489723206,54,0.05555555555555555,0.3148148148148148,0.6296296296296297
2024-04-09,-0.19326898977160453,0.0,-0.927322268486023,0.9519525766372681,40,0.075,0.375,0.55
2024-04-10,-0.11235167741775513,0.0,-0.9522301554679871,0.7171007394790649,25,0.04,0.16,0.8
2024-04-11,-0.0844323245378641,0.0,-0.9662108421325684,0.8077930212020874,26,0.07692307692307693,0.15384615384615385,0.7692307692307693
2024-04-12,-0.17971523002136586,0.0,-0.9345382452011108,0.8120436072349548,43,0.046511627906976744,0.27906976744186046,0.6744186046511628
2024-04-13,-0.03950662538409233,0.0,-0.794366717338562,0.7235369086265564,16,0.125,0.1875,0.6875
2024-04-14,-0.06295245091120402,0.0,-0.9679295420646667,0.8634074926376343,15,0.13333333333333333,0.2,0.6666666666666666
2024-04-15,-0.5227306259089503,-0.8013270497322083,-0.9729701280593872,0.9448702335357666,87,0.034482758620689655,0.632183908045977,0.3333333333333333
2024-04-16,-0.46321238989525654,-0.570126473903656,-0.9687327146530151,0.0,47,0.0,0.5531914893617021,0.44680851063829785
2024-04-17,-0.1266375648193672,0.0,-0.9598063826560974,0.9288754463195801,61,0.11475409836065574,0.26229508196721313,0.6229508196721312
2024-04-18,-0.2390261720056119,0.0,-0.9703542590141296,0.0,46,0.0,0.2608695652173913,0.7391304347826086
2024-04-19,-0.3527046227455139,0.0,-0.9753002524375916,0.8985097408294678,75,0.08,0.49333333333333335,0.4266666666666667
2024-04-20,-0.2502743516649519,0.0,-0.9668556451797485,0.7799602150917053,28,0.07142857142857142,0.35714285714285715,0.5714285714285714
2024-04-21,-0.4566844304402669,-0.7446324825286865,-0.9666196703910828,0.6808529496192932,33,0.09090909090909091,0.5757575757575758,0.3333333333333333
2024-04-22,-0.2896570615146471,0.0,-0.9683547019958496,0.9189767241477966,69,0.07246376811594203,0.4057971014492754,0.5217391304347826
2024-04-23,-0.3002081176927013,0.0,-0.9739863276481628,0.8614672422409058,62,0.06451612903225806,0.3709677419354839,0.5645161290322581
2024-04-24,-0.031494470464216696,0.0,-0.9606377482414246,0.9140236377716064,74,0.17567567567567569,0.20270270270270271,0.6216216216216216
2024-04-25,-0.05483898690768651,0.0,-0.9471985101699829,0.8055374622344971,35,0.05714285714285714,0.14285714285714285,0.8
2024-04-26,-0.2553333139253987,0.0,-0.9718656539916992,0.8322871327400208,72,0.041666666666666664,0.3611111111111111,0.5972222222222222
2024-04-27,0.06404289603233337,0.0,-0.5089595317840576,0.8460606336593628,16,0.125,0.0625,0.8125
2024-04-28,0.02585791245750759,0.0,-0.934934675693512,0.8735230565071106,23,0.13043478260869565,0.08695652173913043,0.782608695652174
2024-04-29,-0.08115352193514506,0.0,-0.9679373502731323,0.9485023617744446,60,0.15,0.25,0.6
2024-04-30,-0.1945001290904151,0.0,-0.9647224545478821,0.8133142590522766,45,0.1111111111111111,0.3111111111111111,0.5777777777777777
2024-05-01,-0.14444513478369084,0.0,-0.9681341052055359,0.9154530167579651,53,0.07547169811320754,0.22641509433962265,0.6981132075471698
2024-05-02,-0.22482917101486868,0.0,-0.953193724155426,0.7443989515304565,46,0.043478260869565216,0.32608695652173914,0.6304347826086957
2024-05-03,-0.1312175914645195,0.0,-0.9168539047241211,0.0,32,0.0,0.15625,0.84375
2024-05-04,-0.02224754492441813,0.0,-0.8056049346923828,0.7747045159339905,30,0.1,0.13333333333333333,0.7666666666666667
2024-05-05,-0.0909185199176564,0.0,-0.8425354361534119,0.7966905236244202,17,0.11764705882352941,0.23529411764705882,0.6470588235294118
2024-05-06,-0.06687354445457458,0.0,-0.9647777080535889,0.7662765979766846,30,0.03333333333333333,0.1,0.8666666666666667
2024-05-07,-0.1762060195207596,0.0,-0.9742969274520874,0.8989719748497009,40,0.125,0.3,0.575
2024-05-08,-0.12848034501075745,0.0,-0.9302082657814026,0.9315549731254578,38,0.10526315789473684,0.2631578947368421,0.631578947368421
2024-05-09,-0.11075359056977664,0.0,-0.9710701704025269,0.844074547290802,34,0.11764705882352941,0.23529411764705882,0.6470588235294118
2024-05-10,-0.2993868406002338,0.0,-0.9656118154525757,0.7600018382072449,39,0.07692307692307693,0.41025641025641024,0.5128205128205128
2024-05-11,-0.16991216645521276,0.0,-0.9428102374076843,0.9551332592964172,17,0.11764705882352941,0.35294117647058826,0.5294117647058824
2024-05-12,-0.08735477924346924,0.0,-0.8735477924346924,0.0,10,0.0,0.1,0.9
2024-05-13,-0.1320120409915322,0.0,-0.968217134475708,0.9401364326477051,38,0.15789473684210525,0.3157894736842105,0.5263157894736842
2024-05-14,-0.23488381611449377,0.0,-0.9608935117721558,0.7798168659210205,28,0.03571428571428571,0.32142857142857145,0.6428571428571429
2024-05-15,-0.04749562011824714,0.0,-0.9709801077842712,0.7846212387084961,36,0.19444444444444445,0.2222222222222222,0.5833333333333334
2024-05-16,-0.059551839892928664,0.0,-0.9255590438842773,0.9082852005958557,37,0.08108108108108109,0.16216216216216217,0.7567567567567568
2024-05-17,-0.22382593154907227,0.0,-0.9699641466140747,0.0,30,0.0,0.26666666666666666,0.7333333333333333
2024-05-18,-0.10416625878390144,0.0,-0.9410406947135925,0.8390838503837585,17,0.11764705882352941,0.23529411764705882,0.6470588235294118
2024-05-19,-0.18234366178512573,0.0,-0.5652725696563721,0.0,6,0.0,0.3333333333333333,0.6666666666666666
2024-05-20,-0.2566763880925301,0.0,-0.9704830646514893,0.9415676593780518,39,0.05128205128205128,0.358974358974359,0.5897435897435898
2024-05-21,-0.14218663838174608,0.0,-0.9676834940910339,0.9372655153274536,36,0.05555555555555555,0.2222222222222222,0.7222222222222222
2024-05-22,0.23888564109802246,0.0,-0.8439298868179321,0.9303423166275024,25,0.36,0.08,0.56
2024-05-23,-0.06879323039736067,0.0,-0.9630934000015259,0.9401355981826782,35,0.14285714285714285,0.2,0.6571428571428571
2024-05-24,-0.09927682315602022,0.0,-0.9699750542640686,0.9184779524803162,34,0.08823529411764706,0.17647058823529413,0.7352941176470589
2024-05-25,-0.12251729766527812,0.0,-0.7351037859916687,0.0,6,0.0,0.16666666666666666,0.8333333333333334
2024-05-26,0.05120077729225159,0.0,-0.9286400675773621,0.8535774946212769,12,0.25,0.16666666666666666,0.5833333333333334
2024-05-27,0.029674301021977476,0.0,-0.7971810698509216,0.8579005002975464,19,0.10526315789473684,0.05263157894736842,0.8421052631578947
2024-05-28,0.0028850282941545757,0.0,-0.8653024435043335,0.9275156259536743,35,0.11428571428571428,0.11428571428571428,0.7714285714285715
2024-05-29,-0.08092111349105835,0.0,-0.9671469330787659,0.8298484683036804,24,0.041666666666666664,0.16666666666666666,0.7916666666666666
2024-05-30,0.008376430582117152,0.0,-0.9157389998435974,0.9277690052986145,27,0.1111111111111111,0.07407407407407407,0.8148148148148148
2024-05-31,-0.3325974354820867,0.0,-0.9612563252449036,0.9096875190734863,31,0.03225806451612903,0.41935483870967744,0.5483870967741935
2024-06-01,0.04863610437938145,0.0,-0.7834025025367737,0.8162977695465088,14,0.14285714285714285,0.07142857142857142,0.7857142857142857
2024-06-02,-0.03080136775970459,0.0,-0.7016637921333313,0.9554101228713989,10,0.1,0.2,0.7
2024-06-03,-0.09441025342260088,0.0,-0.9663081765174866,0.744818925857544,28,0.03571428571428571,0.14285714285714285,0.8214285714285714
2024-06-04,-0.10383659448379125,0.0,-0.9716593027114868,0.8034090995788574,39,0.07692307692307693,0.1794871794871795,0.7435897435897436
2024-06-05,-0.04273524433374405,0.0,-0.9457635879516602,0.7939326167106628,40,0.05,0.1,0.85
2024-06-06,-0.04202919857842582,0.0,-0.9147839546203613,0.9171866178512573,35,0.08571428571428572,0.14285714285714285,0.7714285714285715
2024-06-07,-0.05455713399818966,0.0,-0.9617751836776733,0.8758856058120728,42,0.09523809523809523,0.14285714285714285,0.7619047619047619
2024-06-08,-0.03671698910849435,0.0,-0.7710567712783813,0.0,21,0.0,0.047619047619047616,0.9523809523809523
2024-06-09,-0.05983355641365051,0.0,-0.9573369026184082,0.0,16,0.0,0.0625,0.9375
2024-06-10,-0.09415817260742188,0.0,-0.9692849516868591,0.9328877925872803,46,0.13043478260869565,0.2608695652173913,0.6086956521739131
2024-06-11,-0.07515535305957405,0.0,-0.9622626900672913,0.9508652091026306,49,0.061224489795918366,0.14285714285714285,0.7959183673469388
2024-06-12,-0.025901312051817428,0.0,-0.9689416885375977,0.8981013894081116,43,0.09302325581395349,0.11627906976744186,0.7906976744186046
2024-06-13,0.06027840310707688,0.0,-0.9413294196128845,0.9424816370010376,64,0.25,0.15625,0.59375
2024-06-14,0.06779095454093738,0.0,-0.9407181739807129,0.9141200184822083,78,0.15384615384615385,0.0641025641025641,0.782051282051282
2024-06-15,0.0609640379746755,0.0,0.0,0.822234570980072,24,0.08333333333333333,0.0,0.9166666666666666
2024-06-16,-0.11515061478865773,0.0,-0.8546437621116638,0.0,19,0.0,0.15789473684210525,0.8421052631578947
2024-06-17,-0.037211322648958725,0.0,-0.9600889086723328,0.8313732743263245,44,0.09090909090909091,0.13636363636363635,0.7727272727272727
2024-06-18,-0.02585292592340586,0.0,-0.9411133527755737,0.9246238470077515,49,0.14285714285714285,0.16326530612244897,0.6938775510204082
2024-06-19,-0.07994972060366375,0.0,-0.9557571411132812,0.7869624495506287,41,0.07317073170731707,0.14634146341463414,0.7804878048780488
2024-06-20,0.03412644652759328,0.0,-0.9446161389350891,0.9284383058547974,34,0.20588235294117646,0.14705882352941177,0.6470588235294118
2024-06-21,-0.24442339118789225,0.0,-0.9720056653022766,0.0,34,0.0,0.3235294117647059,0.6764705882352942
2024-06-22,-0.2870987197932075,0.0,-0.8351849913597107,0.0,17,0.0,0.4117647058823529,0.5882352941176471
2024-06-23,0.007128318150838216,0.0,-0.9261479377746582,0.931880533695221,12,0.16666666666666666,0.16666666666666666,0.6666666666666666
2024-06-24,-0.07984170009349954,0.0,-0.9718399047851562,0.8530324101448059,29,0.06896551724137931,0.1724137931034483,0.7586206896551724
2024-06-25,-0.16354334553082783,0.0,-0.9673648476600647,0.9130533933639526,60,0.1,0.31666666666666665,0.5833333333333334
2024-06-26,-0.20732889572779337,0.0,-0.9620329737663269,0.6009413599967957,30,0.06666666666666667,0.3,0.6333333333333333
2024-06-27,-0.06601038064275469,0.0,-0.949836254119873,0.8148220181465149,35,0.14285714285714285,0.2,0.6571428571428571
2024-06-28,-0.12487504652568272,0.0,-0.9275141954421997,0.6914054751396179,35,0.05714285714285714,0.2,0.7428571428571429
2024-06-29,0.08424042661984761,0.0,0.0,0.5054425597190857,6,0.16666666666666666,0.0,0.8333333333333334
2024-06-30,0.10825088421503702,0.0,-0.9181815981864929,0.914187490940094,15,0.2,0.06666666666666667,0.7333333333333333
2024-07-01,0.008541087619960308,0.0,-0.9628480076789856,0.9378499388694763,32,0.15625,0.15625,0.6875
2024-07-02,-0.05718122881192427,0.0,-0.9741941094398499,0.9243828654289246,52,0.25,0.3076923076923077,0.4423076923076923
2024-07-03,-0.049063497468044885,0.0,-0.9687355756759644,0.953822135925293,38,0.15789473684210525,0.21052631578947367,0.631578947368421
2024-07-04,0.15625228331639215,0.0,-0.9548767805099487,0.9300200939178467,26,0.2692307692307692,0.07692307692307693,0.6538461538461539
2024-07-05,0.10403000664066624,0.0,-0.9550584554672241,0.8737947940826416,37,0.1891891891891892,0.05405405405405406,0.7567567567567568
2024-07-06,-0.04285452142357826,0.0,-0.6856723427772522,0.0,16,0.0,0.0625,0.9375
2024-07-07,-0.0011792641419630784,0.0,-0.898751437664032,0.883421003818512,13,0.07692307692307693,0.07692307692307693,0.8461538461538461
2024-07-08,-0.013567937108186575,0.0,-0.8983277678489685,0.9534125328063965,52,0.15384615384615385,0.17307692307692307,0.6730769230769231
2024-07-09,0.04385125573645247,0.0,-0.9610422253608704,0.9241425395011902,47,0.1702127659574468,0.0851063829787234,0.7446808510638298
2024-07-10,-0.019920842214064163,0.0,-0.9699136018753052,0.7876361012458801,33,0.09090909090909091,0.09090909090909091,0.8181818181818182
2024-07-11,-0.21095701239325784,0.0,-0.9702603220939636,0.9228861927986145,44,0.09090909090909091,0.3181818181818182,0.5909090909090909
2024-07-12,0.009980523004764465,0.0,-0.951303243637085,0.9574130177497864,41,0.17073170731707318,0.14634146341463414,0.6829268292682927
2024-07-13,-0.06409297310389005,0.0,-0.9573711156845093,0.8481713533401489,26,0.07692307692307693,0.15384615384615385,0.7692307692307693
2024-07-14,-0.06639806790785356,0.0,-0.7303787469863892,0.0,11,0.0,0.09090909090909091,0.9090909090909091
2024-07-15,0.0515618852593682,0.0,-0.9515733122825623,0.8958510756492615,44,0.25,0.1590909090909091,0.5909090909090909
2024-07-16,-0.02964889407157898,0.0,-0.9580729603767395,0.9088191390037537,40,0.175,0.175,0.65
2024-07-17,-0.03896760940551758,0.0,-0.8508716225624084,0.9342976212501526,31,0.12903225806451613,0.16129032258064516,0.7096774193548387
2024-07-18,0.010337191820144653,0.0,-0.9730018377304077,0.9584758281707764,40,0.25,0.225,0.525
2024-07-19,-0.0008558541536331177,0.0,-0.974025547504425,0.9440795183181763,40,0.225,0.2,0.575
2024-07-20,-0.0727866462298802,0.0,-0.8065412640571594,0.47288793325424194,14,0.07142857142857142,0.14285714285714285,0.7857142857142857
2024-07-21,0.05129528504151564,0.0,-0.8155581951141357,0.8876323103904724,13,0.15384615384615385,0.07692307692307693,0.7692307692307693
2024-07-22,-0.02426473623098329,0.0,-0.9581853747367859,0.8439427018165588,43,0.11627906976744186,0.11627906976744186,0.7674418604651163
2024-07-23,-0.20241689193444173,0.0,-0.9755232334136963,0.7587977051734924,61,0.06557377049180328,0.29508196721311475,0.639344262295082
2024-07-24,-0.2258680404135675,0.0,-0.9722205996513367,0.9068294763565063,66,0.045454545454545456,0.30303030303030304,0.6515151515151515
2024-07-25,-0.1118229971991645,0.0,-0.9681411385536194,0.7872793078422546,45,0.13333333333333333,0.2222222222222222,0.6444444444444445
2024-07-26,0.12044006884098053,0.0,0.0,0.9526394605636597,20,0.15,0.0,0.85
2024-07-27,-0.14768101618840143,0.0,-0.7868160009384155,0.0,13,0.0,0.23076923076923078,0.7692307692307693
2024-07-28,-0.026697371155023575,0.0,-0.9223093390464783,0.8009200692176819,16,0.1875,0.1875,0.625
2024-07-29,0.031835779201152714,0.0,-0.8292447924613953,0.887135922908783,43,0.09302325581395349,0.06976744186046512,0.8372093023255814
2024-07-30,-0.17420300072239292,0.0,-0.9619148373603821,0.8255056142807007,62,0.06451612903225806,0.27419354838709675,0.6612903225806451
2024-07-31,0.02634115295207247,0.0,-0.9610396027565002,0.9546994566917419,47,0.19148936170212766,0.1702127659574468,0.6382978723404256
2024-08-01,0.031310319900512695,0.0,-0.9564277529716492,0.9387187957763672,28,0.21428571428571427,0.14285714285714285,0.6428571428571429
2024-08-02,-0.002083703394859068,0.0,-0.956616997718811,0.9365541934967041,31,0.22580645161290322,0.22580645161290322,0.5483870967741935
2024-08-03,-0.051750179131825766,0.0,-0.9446573257446289,0.5636802315711975,15,0.13333333333333333,0.13333333333333333,0.7333333333333333
2024-08-04,0.24132544719255888,0.0,0.0,0.9576402902603149,13,0.3076923076923077,0.0,0.6923076923076923
2024-08-05,-0.09869793460175798,0.0,-0.9683197140693665,0.9181086421012878,37,0.05405405405405406,0.1891891891891892,0.7567567567567568
2024-08-06,-0.11163353681564331,0.0,-0.9647948145866394,0.8972254991531372,75,0.08,0.21333333333333335,0.7066666666666667
2024-08-07,-0.11092271136515068,0.0,-0.9695296287536621,0.8731943368911743,33,0.15151515151515152,0.2727272727272727,0.5757575757575758
2024-08-08,-0.002689257744819887,0.0,-0.9161482453346252,0.9522585868835449,31,0.0967741935483871,0.12903225806451613,0.7741935483870968
2024-08-09,-0.10122059285640717,0.0,-0.9605510830879211,0.0,32,0.0,0.125,0.875
2024-08-10,-0.04069521238929347,0.0,-0.8700892329216003,0.7533931136131287,19,0.10526315789473684,0.15789473684210525,0.7368421052631579
2024-08-11,-0.32265000159923846,0.0,-0.9317525029182434,0.0,13,0.0,0.38461538461538464,0.6153846153846154
2024-08-12,-0.07859056353569031,0.0,-0.9339333176612854,0.9027206897735596,50,0.1,0.18,0.72
2024-08-13,-0.09935481548309326,0.0,-0.9411447048187256,0.6912100315093994,25,0.04,0.16,0.8
2024-08-14,-0.17592523443071464,0.0,-0.9687135815620422,0.893462061882019,38,0.02631578947368421,0.2631578947368421,0.7105263157894737
2024-08-15,-0.009911775588989258,0.0,-0.9536013603210449,0.7682778239250183,28,0.10714285714285714,0.10714285714285714,0.7857142857142857
2024-08-16,0.03461451402732304,0.0,-0.9469284415245056,0.9286075830459595,28,0.14285714285714285,0.10714285714285714,0.75
2024-08-17,-0.06304531863757543,0.0,-0.7503715753555298,0.5523696541786194,14,0.07142857142857142,0.14285714285714285,0.7857142857142857
2024-08-18,-0.09053909778594971,0.0,-0.9652909636497498,0.9291709065437317,22,0.13636363636363635,0.22727272727272727,0.6363636363636364
2024-08-19,-0.06075995889576999,0.0,-0.9595388174057007,0.9252278804779053,55,0.16363636363636364,0.21818181818181817,0.6181818181818182
2024-08-20,-0.12956589725282458,0.0,-0.9549328684806824,0.9186545610427856,45,0.08888888888888889,0.24444444444444444,0.6666666666666666
2024-08-21,-0.061971745401058556,0.0,-0.9636330604553223,0.93711256980896,53,0.11320754716981132,0.18867924528301888,0.6981132075471698
2024-08-22,-0.08222949725610239,0.0,-0.9646281599998474,0.9283106923103333,54,0.09259259259259259,0.2222222222222222,0.6851851851851852
2024-08-23,0.03434562087059021,0.0,-0.9664308428764343,0.8512765169143677,30,0.23333333333333334,0.16666666666666666,0.6
2024-08-24,-0.02388510439130995,0.0,-0.7923452854156494,0.9454620480537415,18,0.05555555555555555,0.1111111111111111,0.8333333333333334
2024-08-25,-0.08164969086647034,0.0,-0.8386666774749756,0.604662299156189,20,0.1,0.2,0.7
2024-08-26,0.05394523484366281,0.0,-0.921782910823822,0.9495782852172852,42,0.16666666666666666,0.09523809523809523,0.7380952380952381
2024-08-27,-0.0865956883538853,0.0,-0.9531716108322144,0.7433119416236877,44,0.022727272727272728,0.13636363636363635,0.8409090909090909
2024-08-28,-0.020179230591346478,0.0,-0.9002016186714172,0.9147281646728516,58,0.08620689655172414,0.1206896551724138,0.7931034482758621
2024-08-29,-0.14783172115035678,0.0,-0.9612942934036255,0.7030686140060425,46,0.021739130434782608,0.21739130434782608,0.7608695652173914
2024-08-30,0.05269732258536599,0.0,-0.8813459873199463,0.937343955039978,44,0.1590909090909091,0.09090909090909091,0.75
2024-08-31,-0.09031051138172978,0.0,-0.8117505311965942,0.7837106585502625,23,0.043478260869565216,0.17391304347826086,0.782608695652174
2024-09-01,-0.1814247171084086,0.0,-0.9343412518501282,0.0,15,0.0,0.2,0.8
2024-09-02,0.10362010200818379,0.0,-0.8821516036987305,0.9534041285514832,24,0.16666666666666666,0.041666666666666664,0.7916666666666666
2024-09-03,0.02844036066973651,0.0,-0.9569511413574219,0.9077701568603516,54,0.12962962962962962,0.07407407407407407,0.7962962962962963
2024-09-04,0.0635031263033549,0.0,-0.8322631120681763,0.8473679423332214,42,0.19047619047619047,0.09523809523809523,0.7142857142857143
2024-09-05,0.060266950645962276,0.0,-0.5589616298675537,0.876966655254364,37,0.10810810810810811,0.05405405405405406,0.8378378378378378
2024-09-06,0.05986219644546509,0.0,-0.6446192264556885,0.9036298394203186,29,0.1724137931034483,0.10344827586206896,0.7241379310344828
2024-09-07,0.0,0.0,0.0,0.0,13,0.0,0.0,1.0
2024-09-08,0.027039456825989943,0.0,-0.6070191860198975,0.9215893745422363,26,0.07692307692307693,0.07692307692307693,0.8461538461538461
2024-09-09,0.04511758787878629,0.0,-0.9607366919517517,0.9419831037521362,58,0.15517241379310345,0.08620689655172414,0.7586206896551724
2024-09-10,0.030877130726973217,0.0,-0.9212450981140137,0.8632526993751526,48,0.125,0.0625,0.8125
2024-09-11,0.011804722604297456,0.0,-0.9487828016281128,0.9493025541305542,42,0.11904761904761904,0.09523809523809523,0.7857142857142857
2024-09-12,-0.10320554822683334,0.0,-0.9735933542251587,0.5631930828094482,40,0.025,0.15,0.825
2024-09-13,0.020917624235153198,0.0,-0.9518582820892334,0.954856812953949,54,0.07407407407407407,0.07407407407407407,0.8518518518518519
2024-09-14,0.12290215842864093,0.0,-0.9036003351211548,0.8878695964813232,17,0.29411764705882354,0.11764705882352941,0.5882352941176471
2024-09-15,0.09059829182094997,0.0,-0.9545742869377136,0.8913314342498779,9,0.2222222222222222,0.1111111111111111,0.6666666666666666
2024-09-16,-0.018696279026741206,0.0,-0.921083927154541,0.8558011054992676,43,0.06976744186046512,0.09302325581395349,0.8372093023255814
2024-09-17,-0.051230830304762894,0.0,-0.9673390984535217,0.9242672324180603,34,0.058823529411764705,0.11764705882352941,0.8235294117647058
2024-09-18,0.0014654744055963332,0.0,-0.8660565614700317,0.7875186204910278,62,0.04838709677419355,0.04838709677419355,0.9032258064516129
2024-09-19,0.04870080625688707,0.0,-0.9241732954978943,0.9434134364128113,37,0.13513513513513514,0.08108108108108109,0.7837837837837838
2024-09-20,-0.10092548642839705,0.0,-0.9690556526184082,0.8641971349716187,35,0.14285714285714285,0.2571428571428571,0.6
2024-09-21,-0.1401301145553589,0.0,-0.775503396987915,0.0,20,0.0,0.2,0.8
2024-09-22,-0.13643696433619448,0.0,-0.9031990170478821,0.0,19,0.0,0.15789473684210525,0.8421052631578947
2024-09-23,0.026316506358293388,0.0,-0.9476332664489746,0.8988234996795654,52,0.17307692307692307,0.11538461538461539,0.7115384615384616
2024-09-24,0.02171940321014041,0.0,-0.9684928059577942,0.9222116470336914,21,0.23809523809523808,0.19047619047619047,0.5714285714285714
2024-09-25,0.04029184037988836,0.0,-0.8863354921340942,0.8184410333633423,33,0.15151515151515152,0.09090909090909091,0.7575757575757576
2024-09-26,0.01779098402370106,0.0,-0.8801460862159729,0.7988751530647278,22,0.13636363636363635,0.09090909090909091,0.7727272727272727
2024-09-27,-0.05027363959111666,0.0,-0.9531460404396057,0.8972374200820923,38,0.15789473684210525,0.21052631578947367,0.631578947368421
2024-09-28,-0.041806381482344404,0.0,-0.5434829592704773,0.0,13,0.0,0.07692307692307693,0.9230769230769231
2024-09-29,-0.13928844034671783,0.0,-0.9152227640151978,0.0,16,0.0,0.1875,0.8125
2024-09-30,-0.06198651694199618,0.0,-0.9426116943359375,0.897983193397522,68,0.08823529411764706,0.17647058823529413,0.7352941176470589
2024-10-01,-0.04363023981134942,0.0,-0.9733046293258667,0.9534934163093567,47,0.14893617021276595,0.19148936170212766,0.6595744680851063
2024-10-02,-0.06489518695864184,0.0,-0.9727832674980164,0.951402485370636,58,0.20689655172413793,0.27586206896551724,0.5172413793103449
2024-10-03,-0.18263470603708634,0.0,-0.965771496295929,0.9342889785766602,57,0.08771929824561403,0.3157894736842105,0.5964912280701754
2024-10-04,-0.11023087943753888,0.0,-0.9635298252105713,0.9403061270713806,31,0.06451612903225806,0.22580645161290322,0.7096774193548387
2024-10-05,0.003385325272878011,0.0,-0.8942620158195496,0.9145739674568176,6,0.16666666666666666,0.16666666666666666,0.6666666666666666
2024-10-06,0.11931563700948443,0.0,-0.9529551863670349,0.9369634985923767,14,0.21428571428571427,0.07142857142857142,0.7142857142857143
2024-10-07,0.017978315353393556,0.0,-0.9327777028083801,0.8501824140548706,25,0.08,0.04,0.88
2024-10-08,0.01307818852365017,0.0,-0.8890490531921387,0.8711345791816711,32,0.1875,0.1875,0.625
2024-10-09,0.013483060341255338,0.0,-0.9603684544563293,0.9387258291244507,51,0.09803921568627451,0.0784313725490196,0.8235294117647058
2024-10-10,-0.03678075224161148,0.0,-0.963939905166626,0.6723309755325317,64,0.015625,0.0625,0.921875
2024-10-11,-0.17034907639026642,0.0,-0.9660909175872803,0.0,92,0.0,0.1956521739130435,0.8043478260869565
2024-10-12,-0.08478445666176933,0.0,-0.9737136960029602,0.7167496085166931,14,0.07142857142857142,0.14285714285714285,0.7857142857142857
2024-10-13,0.046303158456628975,0.0,-0.9639659523963928,0.7847932577133179,11,0.18181818181818182,0.09090909090909091,0.7272727272727273
2024-10-14,-0.0026213275758843672,0.0,-0.9699342250823975,0.9457698464393616,38,0.10526315789473684,0.10526315789473684,0.7894736842105263
2024-10-15,0.008473882675170899,0.0,-0.9574903249740601,0.921808123588562,50,0.12,0.12,0.76
2024-10-16,0.06787337064743042,0.0,-0.875597357749939,0.930459201335907,45,0.13333333333333333,0.044444444444444446,0.8222222222222222
2024-10-17,0.012348296465697113,0.0,-0.9200818538665771,0.7440553307533264,27,0.07407407407407407,0.037037037037037035,0.8888888888888888
2024-10-18,-0.1450206829655555,0.0,-0.9394438862800598,0.864520251750946,62,0.04838709677419355,0.24193548387096775,0.7096774193548387
2024-10-19,-0.12198377317852444,0.0,-0.9336405396461487,0.6487336158752441,9,0.1111111111111111,0.2222222222222222,0.6666666666666666
2024-10-20,0.0,0.0,0.0,0.0,13,0.0,0.0,1.0
2024-10-21,-0.18401796409958288,0.0,-0.9634710550308228,0.698635458946228,38,0.05263157894736842,0.2894736842105263,0.6578947368421053
2024-10-22,-0.1919623503559514,0.0,-0.9279980659484863,0.0,38,0.0,0.23684210526315788,0.7631578947368421
2024-10-23,0.22164735885766837,0.0,-0.8767386078834534,0.9571453928947449,65,0.3230769230769231,0.046153846153846156,0.6307692307692307
2024-10-24,0.2211748992695528,0.0,-0.8005925416946411,0.9545350670814514,68,0.3088235294117647,0.04411764705882353,0.6470588235294118
2024-10-25,0.08521176688373089,0.0,-0.6499069333076477,0.8347663283348083,48,0.20833333333333334,0.08333333333333333,0.7083333333333334
2024-10-26,-0.03577279127561129,0.0,-0.4650462865829468,0.0,13,0.0,0.07692307692307693,0.9230769230769231
2024-10-27,-0.07764232158660889,0.0,-0.8540655374526978,0.0,11,0.0,0.09090909090909091,0.9090909090909091
2024-10-28,-0.21493876539170742,0.0,-0.9638519883155823,0.0,32,0.0,0.25,0.75
2024-10-29,0.06360005391271491,0.0,-0.9078774452209473,0.9445127844810486,38,0.13157894736842105,0.05263157894736842,0.8157894736842105
2024-10-30,0.07995252232802541,0.0,-0.9519643783569336,0.9531919956207275,38,0.18421052631578946,0.07894736842105263,0.7368421052631579
2024-10-31,0.0462981002671378,0.0,-0.9280586242675781,0.9562205076217651,35,0.14285714285714285,0.08571428571428572,0.7714285714285715
2024-11-01,0.07052590449651082,0.0,-0.9448604583740234,0.9408622980117798,30,0.16666666666666666,0.06666666666666667,0.7666666666666667
2024-11-02,0.0,0.0,0.0,0.0,9,0.0,0.0,1.0
2024-11-03,-0.14520403444767,0.0,-0.961966872215271,0.0,10,0.0,0.2,0.8
2024-11-04,-0.023800374733077154,0.0,-0.9757585525512695,0.8811739683151245,36,0.16666666666666666,0.16666666666666666,0.6666666666666666
2024-11-05,0.07687537236647173,0.0,-0.9674761295318604,0.8889473676681519,22,0.18181818181818182,0.09090909090909091,0.7272727272727273
2024-11-06,0.1206747110073383,0.0,-0.9026301503181458,0.9520339369773865,26,0.2692307692307692,0.11538461538461539,0.6153846153846154
2024-11-07,-0.0041973888874053955,0.0,-0.8119296431541443,0.7279818654060364,20,0.05,0.05,0.9
2024-11-08,0.0860347386562463,0.0,-0.735557496547699,0.9349756240844727,33,0.15151515151515152,0.030303030303030304,0.8181818181818182
2024-11-09,0.051273653140434854,0.0,0.0,0.6665574908256531,13,0.07692307692307693,0.0,0.9230769230769231
2024-11-10,0.07282407794679914,0.0,0.0,0.509768545627594,7,0.14285714285714285,0.0,0.8571428571428571
2024-11-11,0.06813070178031921,0.0,-0.7964524626731873,0.9273247122764587,36,0.2777777777777778,0.16666666666666666,0.5555555555555556
2024-11-12,-0.08479563253266471,0.0,-0.8646663427352905,0.8106526732444763,28,0.07142857142857142,0.17857142857142858,0.75
2024-11-13,-0.16887780201846156,0.0,-0.967334508895874,0.8137108683586121,29,0.034482758620689655,0.27586206896551724,0.6896551724137931
2024-11-14,-0.14674448501318693,0.0,-0.9507958889007568,0.9249479174613953,32,0.09375,0.25,0.65625
2024-11-15,0.0720636190437689,0.0,-0.9143804907798767,0.9215819239616394,41,0.1951219512195122,0.0975609756097561,0.7073170731707317
2024-11-16,-0.06072846055030823,0.0,-0.6072846055030823,0.0,10,0.0,0.1,0.9
2024-11-17,0.16161899133162064,0.0,0.0,0.7609952092170715,11,0.2727272727272727,0.0,0.7272727272727273
2024-11-18,-0.04913876148370596,0.0,-0.9526504278182983,0.8368563055992126,52,0.09615384615384616,0.1346153846153846,0.7692307692307693
2024-11-19,-0.10793894032637279,0.0,-0.932788610458374,0.7976417541503906,36,0.05555555555555555,0.19444444444444445,0.75
2024-11-20,0.008528683866773332,0.0,-0.9466347694396973,0.93879234790802,42,0.09523809523809523,0.09523809523809523,0.8095238095238095
2024-11-21,0.04029243220301235,0.0,-0.77803635597229,0.87196284532547,34,0.14705882352941177,0.11764705882352941,0.7352941176470589
2024-11-22,-0.011986962071171513,0.0,-0.5527248382568359,0.724608838558197,27,0.037037037037037035,0.07407407407407407,0.8888888888888888
2024-11-23,-7.51269491095292e-05,0.0,-0.9391880631446838,0.8610872626304626,19,0.15789473684210525,0.15789473684210525,0.6842105263157895
2024-11-24,0.07882503526551383,0.0,0.0,0.5626307725906372,14,0.14285714285714285,0.0,0.8571428571428571
2024-11-25,-0.03569612881312004,0.0,-0.9612658023834229,0.9155825972557068,52,0.11538461538461539,0.17307692307692307,0.7115384615384616
2024-11-26,-0.05870715351331802,0.0,-0.9596538543701172,0.8748605251312256,42,0.07142857142857142,0.14285714285714285,0.7857142857142857
2024-11-27,-0.1017482539540843,0.0,-0.9580603837966919,0.9011653065681458,38,0.07894736842105263,0.18421052631578946,0.7368421052631579
2024-11-28,-0.0434400195425207,0.0,-0.8994637131690979,0.8611969947814941,22,0.13636363636363635,0.18181818181818182,0.6818181818181818
2024-11-29,0.08181867780892746,0.0,-0.8117545247077942,0.9352424144744873,23,0.17391304347826086,0.08695652173913043,0.7391304347826086
2024-11-30,-0.061211343164797184,0.0,-0.8774421215057373,0.6476329565048218,27,0.14814814814814814,0.18518518518518517,0.6666666666666666
2024-12-01,-0.11248067021369934,0.0,-0.8784247040748596,0.9135689735412598,14,0.14285714285714285,0.2857142857142857,0.5714285714285714
2024-12-02,-0.17104002281471534,0.0,-0.970436692237854,0.9355769157409668,81,0.09876543209876543,0.30864197530864196,0.5925925925925926
2024-12-03,-0.22602755203843117,0.0,-0.9744191765785217,0.951852023601532,64,0.0625,0.34375,0.59375
2024-12-04,-0.10763555765151978,0.0,-0.9707733392715454,0.8987904191017151,45,0.06666666666666667,0.2222222222222222,0.7111111111111111
2024-12-05,-0.04310763689378897,0.0,-0.955200731754303,0.9213491082191467,48,0.125,0.1875,0.6875
2024-12-06,0.026929795742034912,0.0,-0.9439186453819275,0.9262210130691528,38,0.15789473684210525,0.10526315789473684,0.7368421052631579
2024-12-07,-0.03325716186972225,0.0,-0.8860751390457153,0.8593553304672241,17,0.11764705882352941,0.17647058823529413,0.7058823529411765
2024-12-08,0.0029867009112709447,0.0,-0.8176164031028748,0.8313206434249878,19,0.10526315789473684,0.10526315789473684,0.7894736842105263
2024-12-09,0.02694117779634437,0.0,-0.9272691607475281,0.947247326374054,49,0.12244897959183673,0.08163265306122448,0.7959183673469388
2024-12-10,0.06418929662969378,0.0,-0.9167937636375427,0.9506464600563049,54,0.16666666666666666,0.07407407407407407,0.7592592592592593
2024-12-11,0.12121768687900744,0.0,-0.9262503981590271,0.9162640571594238,57,0.22807017543859648,0.07017543859649122,0.7017543859649122
2024-12-12,0.0512096028436314,0.0,-0.918727457523346,0.9481880068778992,44,0.1590909090909091,0.09090909090909091,0.75
2024-12-13,0.10873486598332723,0.0,-0.8463476896286011,0.9233548641204834,42,0.2619047619047619,0.14285714285714285,0.5952380952380952
2024-12-14,0.06552961739626798,0.0,-0.8537276387214661,0.9392921924591064,22,0.18181818181818182,0.09090909090909091,0.7272727272727273
2024-12-15,0.03144094489869617,0.0,0.0,0.6602598428726196,21,0.047619047619047616,0.0,0.9523809523809523
2024-12-16,0.019760525503823925,0.0,-0.8701030611991882,0.953980028629303,43,0.18604651162790697,0.16279069767441862,0.6511627906976745
2024-12-17,-0.028617918491363525,0.0,-0.8826629519462585,0.9325622320175171,32,0.09375,0.125,0.78125
2024-12-18,-0.009767334098401277,0.0,-0.9286597967147827,0.8398817777633667,46,0.10869565217391304,0.10869565217391304,0.782608695652174
2024-12-19,-0.042318412791127746,0.0,-0.9645318984985352,0.9364697933197021,46,0.10869565217391304,0.13043478260869565,0.7608695652173914
2024-12-20,-0.22596624026111528,0.0,-0.9655448198318481,0.862779974937439,51,0.09803921568627451,0.35294117647058826,0.5490196078431373
2024-12-21,-0.09600085616111756,0.0,-0.9622836709022522,0.9397225379943848,20,0.15,0.25,0.6
2024-12-22,-0.05786572694778443,0.0,-0.9508726596832275,0.7404901385307312,15,0.06666666666666667,0.13333333333333333,0.8
2024-12-23,-0.07871942906766324,0.0,-0.9623733162879944,0.9152809977531433,37,0.10810810810810811,0.1891891891891892,0.7027027027027027
2024-12-24,0.10741198914391654,0.0,-0.8274499177932739,0.9525163769721985,28,0.21428571428571427,0.07142857142857142,0.7142857142857143
2024-12-25,-0.007402042547861735,0.0,-0.5751429200172424,0.5085245370864868,9,0.1111111111111111,0.1111111111111111,0.7777777777777778
2024-12-26,0.176253630564763,0.0,0.0,0.8343918919563293,13,0.23076923076923078,0.0,0.7692307692307693
2024-12-27,-0.07313771247863769,0.0,-0.7353165149688721,0.6032806038856506,10,0.1,0.2,0.7
2024-12-28,0.15984559059143066,0.0,0.0,0.6393823623657227,4,0.25,0.0,0.75
2024-12-29,0.10517286509275436,0.0,0.0,0.8413829207420349,8,0.125,0.0,0.875
2024-12-30,0.038406869944404155,0.0,-0.5134559273719788,0.6141802072525024,17,0.11764705882352941,0.058823529411764705,0.8235294117647058
2024-12-31,-0.05988917416996426,0.0,-0.9682109951972961,0.7188614010810852,18,0.1111111111111111,0.16666666666666666,0.7222222222222222
2025-01-01,-0.24298408238784128,0.0,-0.8706251382827759,0.0,23,0.0,0.34782608695652173,0.6521739130434783
2025-01-02,-0.4171430759486698,-0.5334141254425049,-0.9752427339553833,0.9011083841323853,84,0.047619047619047616,0.5119047619047619,0.44047619047619047
2025-01-03,-0.14363488599435606,0.0,-0.9742151498794556,0.9471108317375183,67,0.16417910447761194,0.31343283582089554,0.5223880597014925
2025-01-04,-0.04482812115124294,0.0,-0.8641099333763123,0.8445937037467957,14,0.07142857142857142,0.14285714285714285,0.7857142857142857
2025-01-05,-0.1866399884223938,0.0,-0.9597260355949402,0.8267701864242554,10,0.1,0.3,0.6
2025-01-06,-0.17918625048228673,0.0,-0.966379702091217,0.6362916231155396,28,0.03571428571428571,0.21428571428571427,0.75
2025-01-07,-0.3173506844502229,0.0,-0.9759824275970459,0.46968233585357666,52,0.019230769230769232,0.4230769230769231,0.5576923076923077
2025-01-08,-0.002836858117303183,0.0,-0.9247605204582214,0.8447776436805725,43,0.11627906976744186,0.11627906976744186,0.7674418604651163
2025-01-09,-0.020704124655042375,0.0,-0.909196138381958,0.55845707654953,56,0.017857142857142856,0.03571428571428571,0.9464285714285714
2025-01-10,-0.00967567700606126,0.0,-0.9580207467079163,0.9048765897750854,78,0.1282051282051282,0.1282051282051282,0.7435897435897436
2025-01-11,-0.03686023571274497,0.0,-0.962045431137085,0.861331582069397,22,0.13636363636363635,0.13636363636363635,0.7272727272727273
2025-01-12,-0.003249906831317478,0.0,-0.8979549407958984,0.8981761932373047,18,0.1111111111111111,0.1111111111111111,0.7777777777777778
2025-01-13,-0.003765390564997991,0.0,-0.9620192646980286,0.9371773600578308,48,0.1875,0.1875,0.625
2025-01-14,-0.00097554259830051,0.0,-0.9674476385116577,0.9219503998756409,45,0.17777777777777778,0.15555555555555556,0.6666666666666666
2025-01-15,-0.12269675731658936,0.0,-0.95784991979599,0.8111366629600525,27,0.07407407407407407,0.2222222222222222,0.7037037037037037
2025-01-16,-0.027614884906344943,0.0,-0.9312357306480408,0.8839915990829468,27,0.18518518518518517,0.18518518518518517,0.6296296296296297
2025-01-17,-0.138979971408844,0.0,-0.9573063850402832,0.8345125913619995,31,0.03225806451612903,0.1935483870967742,0.7741935483870968
2025-01-18,-0.13307430843512216,0.0,-0.8712756633758545,0.0,12,0.0,0.16666666666666666,0.8333333333333334
2025-01-19,0.030785423517227174,0.0,-0.4909224510192871,0.7987766861915588,10,0.1,0.1,0.8
2025-01-20,-0.06999523743339207,0.0,-0.8866076469421387,0.8708980083465576,23,0.08695652173913043,0.17391304347826086,0.7391304347826086
2025-01-21,-0.15448455377058548,0.0,-0.9588299989700317,0.9230177998542786,33,0.09090909090909091,0.2727272727272727,0.6363636363636364
2025-01-22,-0.0019017352777368883,0.0,-0.9663046002388,0.9452095627784729,34,0.20588235294117646,0.20588235294117646,0.5882352941176471
2025-01-23,0.055021745818001885,0.0,-0.9213936924934387,0.8817112445831299,42,0.14285714285714285,0.07142857142857142,0.7857142857142857
2025-01-24,0.05928703408310379,0.0,-0.9663415551185608,0.939844012260437,69,0.14492753623188406,0.043478260869565216,0.8115942028985508
2025-01-25,0.0,0.0,0.0,0.0,11,0.0,0.0,1.0
2025-01-26,-0.06328911582628886,0.0,-0.8877333402633667,0.8541946411132812,12,0.08333333333333333,0.16666666666666666,0.75
2025-01-27,-0.07762609689663617,0.0,-0.9436196684837341,0.9410268664360046,39,0.07692307692307693,0.1794871794871795,0.7435897435897436
2025-01-28,-0.0722891887029012,0.0,-0.9694170355796814,0.8144594430923462,39,0.10256410256410256,0.15384615384615385,0.7435897435897436
2025-01-29,-0.08812985420227051,0.0,-0.9722278118133545,0.9504730701446533,65,0.12307692307692308,0.18461538461538463,0.6923076923076923
2025-01-30,0.02680092427267957,0.0,-0.9730375409126282,0.9254021644592285,67,0.1791044776119403,0.14925373134328357,0.6716417910447762
2025-01-31,-0.03977351493023811,0.0,-0.9743529558181763,0.8413849472999573,47,0.06382978723404255,0.10638297872340426,0.8297872340425532
2025-02-01,-0.09485745429992676,0.0,-0.9485745429992676,0.0,10,0.0,0.1,0.9
2025-02-02,-0.1681984748159136,0.0,-0.969408392906189,0.5210875868797302,14,0.07142857142857142,0.21428571428571427,0.7142857142857143
2025-02-03,-0.34398757197238783,0.0,-0.9739609956741333,0.8900308012962341,54,0.07407407407407407,0.4444444444444444,0.48148148148148145
2025-02-04,-0.17382012493908405,0.0,-0.9726215600967407,0.92705899477005,48,0.08333333333333333,0.3125,0.6041666666666666
2025-02-05,-0.24938601365795843,0.0,-0.9751440286636353,0.9262459874153137,54,0.07407407407407407,0.3333333333333333,0.5925925925925926
2025-02-06,-0.3163569736480713,0.0,-0.9726799726486206,0.68682861328125,25,0.04,0.4,0.56
2025-02-07,-0.2076282501220703,0.0,-0.9736368656158447,0.9085860848426819,27,0.18518518518518517,0.4074074074074074,0.4074074074074074
2025-02-08,-0.283522109190623,0.0,-0.9646894931793213,0.0,6,0.0,0.3333333333333333,0.6666666666666666
2025-02-09,0.0,0.0,0.0,0.0,9,0.0,0.0,1.0
2025-02-10,-0.22788616352611119,0.0,-0.9672148823738098,0.9438763856887817,27,0.07407407407407407,0.37037037037037035,0.5555555555555556
2025-02-11,-0.20915424637496471,0.0,-0.9612532258033752,0.44836366176605225,32,0.03125,0.28125,0.6875
2025-02-12,-0.16457405831755662,0.0,-0.964042603969574,0.9338158369064331,41,0.07317073170731707,0.2926829268292683,0.6341463414634146
2025-02-13,-0.1980520659877408,0.0,-0.9470794200897217,0.8171395659446716,31,0.06451612903225806,0.3225806451612903,0.6129032258064516
2025-02-14,-0.14815232546433157,0.0,-0.9526090025901794,0.8745844960212708,23,0.043478260869565216,0.21739130434782608,0.7391304347826086
2025-02-15,-0.2913127216425809,0.0,-0.9296057820320129,0.7040237188339233,11,0.09090909090909091,0.45454545454545453,0.45454545454545453
2025-02-16,-0.2870262927479214,0.0,-0.9385362863540649,0.0,9,0.0,0.3333333333333333,0.6666666666666666
2025-02-17,-0.17149390067373002,0.0,-0.9371257424354553,0.0,14,0.0,0.21428571428571427,0.7857142857142857
2025-02-18,-0.1842643404006958,0.0,-0.959815263748169,0.0,25,0.0,0.24,0.76
2025-02-19,-0.16911604093468707,0.0,-0.9470053911209106,0.9163010716438293,23,0.08695652173913043,0.30434782608695654,0.6086956521739131
2025-02-20,-0.0743544478165476,0.0,-0.8744916915893555,0.6653867363929749,19,0.05263157894736842,0.15789473684210525,0.7894736842105263
2025-02-21,-0.3816941891397749,0.0,-0.9649422764778137,0.0,28,0.0,0.42857142857142855,0.5714285714285714
2025-02-22,0.018089391968467018,0.0,-0.9247931241989136,0.599924623966217,11,0.18181818181818182,0.09090909090909091,0.7272727272727273
2025-02-23,0.12741404275099436,0.0,-0.9450064897537231,0.9309816360473633,12,0.25,0.08333333333333333,0.6666666666666666
2025-02-24,-0.09086283100278754,0.0,-0.9505164623260498,0.8613636493682861,38,0.02631578947368421,0.13157894736842105,0.8421052631578947
2025-02-25,-0.2690668972033375,0.0,-0.9740092754364014,0.9328916072845459,53,0.1509433962264151,0.41509433962264153,0.4339622641509434
2025-02-26,-0.27483910886017054,0.0,-0.9718685150146484,0.9454768300056458,37,0.08108108108108109,0.43243243243243246,0.4864864864864865
2025-02-27,-0.2471771202981472,0.0,-0.9729514122009277,0.9454129934310913,32,0.09375,0.375,0.53125
2025-02-28,-0.22689265640158401,0.0,-0.9538285136222839,0.5899057388305664,19,0.05263157894736842,0.3157894736842105,0.631578947368421
2025-03-01,-0.20532113772172195,0.0,-0.9495488405227661,0.7097424268722534,13,0.07692307692307693,0.3076923076923077,0.6153846153846154
2025-03-02,-0.20016014575958252,0.0,-0.8977583050727844,0.0,13,0.0,0.23076923076923078,0.7692307692307693
2025-03-03,-0.1550322740505903,0.0,-0.9712216854095459,0.90671706199646,39,0.10256410256410256,0.28205128205128205,0.6153846153846154
2025-03-04,-0.2182496150334676,0.0,-0.975751519203186,0.7669329047203064,45,0.06666666666666667,0.3333333333333333,0.6
2025-03-05,-0.2104902589807705,0.0,-0.9730337858200073,0.9292353391647339,49,0.10204081632653061,0.3469387755102041,0.5510204081632653
2025-03-06,-0.4891587203009087,-0.7836351990699768,-0.9724136590957642,0.9539420008659363,57,0.05263157894736842,0.631578947368421,0.3157894736842105
2025-03-07,-0.18772776857499154,0.0,-0.9606093764305115,0.951078474521637,31,0.12903225806451613,0.3548387096774194,0.5161290322580645
2025-03-08,-0.07507296800613403,0.0,-0.9291418194770813,0.9137622714042664,20,0.1,0.2,0.7
2025-03-09,-0.3636961927016576,-0.5895366668701172,-0.9433826208114624,0.9269326329231262,12,0.08333333333333333,0.5833333333333334,0.3333333333333333
2025-03-10,-0.4369828478962767,-0.6333187818527222,-0.9704155921936035,0.715648889541626,51,0.0392156862745098,0.5490196078431373,0.4117647058823529
2025-03-11,-0.18753114654057063,0.0,-0.9707499742507935,0.9171789884567261,67,0.04477611940298507,0.31343283582089554,0.6417910447761194
2025-03-12,-0.313113201657931,0.0,-0.9705120325088501,0.9064760208129883,60,0.03333333333333333,0.4166666666666667,0.55
2025-03-13,-0.06849015049818086,0.0,-0.9340280890464783,0.9185740947723389,41,0.04878048780487805,0.14634146341463414,0.8048780487804879
2025-03-14,-0.22683419159480503,0.0,-0.9723259806632996,0.7960386872291565,70,0.07142857142857142,0.34285714285714286,0.5857142857142857
2025-03-15,-0.21192566326686313,0.0,-0.9380894899368286,0.52073734998703,35,0.02857142857142857,0.3142857142857143,0.6571428571428571
2025-03-16,-0.12922996282577515,0.0,-0.8834386467933655,0.5201471447944641,20,0.05,0.2,0.75
2025-03-17,-0.22365415474725148,0.0,-0.9668951034545898,0.8444181084632874,63,0.09523809523809523,0.36507936507936506,0.5396825396825397
2025-03-18,-0.2632104012201417,0.0,-0.9639546275138855,0.8888453841209412,53,0.03773584905660377,0.3584905660377358,0.6037735849056604
2025-03-19,-0.25753633563335127,0.0,-0.9532081484794617,0.7482654452323914,52,0.019230769230769232,0.36538461538461536,0.6153846153846154
2025-03-20,-0.2591048243330486,0.0,-0.9573514461517334,0.6010688543319702,67,0.07462686567164178,0.3880597014925373,0.5373134328358209
2025-03-21,-0.1901541326727186,0.0,-0.9715491533279419,0.7432925701141357,70,0.014285714285714285,0.2571428571428571,0.7285714285714285
2025-03-22,-0.36934900489346734,0.0,-0.963982105255127,0.0,29,0.0,0.4827586206896552,0.5172413793103449
2025-03-23,-0.28587666981750065,0.0,-0.9485129714012146,0.4835362732410431,18,0.05555555555555555,0.3888888888888889,0.5555555555555556
2025-03-24,-0.09758726671590644,0.0,-0.9457255005836487,0.9341537356376648,59,0.13559322033898305,0.2711864406779661,0.5932203389830508
2025-03-25,-0.22151653365842228,0.0,-0.9738397598266602,0.9263797998428345,58,0.15517241379310345,0.39655172413793105,0.4482758620689655
2025-03-26,-0.18850370699709112,0.0,-0.9720702171325684,0.8228515386581421,44,0.045454545454545456,0.2727272727272727,0.6818181818181818
2025-03-27,-0.20938138042887053,0.0,-0.9645395278930664,0.7239855527877808,48,0.041666666666666664,0.2916666666666667,0.6666666666666666
2025-03-28,-0.2291313975285261,0.0,-0.9672825336456299,0.7109451293945312,39,0.05128205128205128,0.3333333333333333,0.6153846153846154
2025-03-29,-0.3158032325811164,0.0,-0.9058110117912292,0.5163958072662354,43,0.023255813953488372,0.4186046511627907,0.5581395348837209
2025-03-30,-0.45187146172803994,-0.643700361251831,-0.9279918074607849,0.0,17,0.0,0.5882352941176471,0.4117647058823529
2025-03-31,-0.22850632667541504,0.0,-0.9701972603797913,0.6866881251335144,48,0.041666666666666664,0.3125,0.6458333333333334
2025-04-01,-0.32935306057333946,0.0,-0.9746742248535156,0.931921660900116,48,0.020833333333333332,0.4583333333333333,0.5208333333333334
2025-04-02,-0.5032408098651938,-0.83556067943573,-0.9748448133468628,0.9558945894241333,73,0.0547945205479452,0.6027397260273972,0.3424657534246575
2025-04-03,-0.2645908524592718,0.0,-0.9692040085792542,0.9043906927108765,30,0.13333333333333333,0.4,0.4666666666666667
2025-04-04,-0.19031229504832514,0.0,-0.9590561389923096,0.5733597874641418,27,0.07407407407407407,0.25925925925925924,0.6666666666666666
2025-04-05,-0.26916687628802133,0.0,-0.9661542177200317,0.0,17,0.0,0.29411764705882354,0.7058823529411765
2025-04-06,-0.15452303489049277,0.0,-0.7773408889770508,0.0,9,0.0,0.2222222222222222,0.7777777777777778
2025-04-07,-0.25284316785195293,0.0,-0.9226840734481812,0.5740655064582825,34,0.029411764705882353,0.35294117647058826,0.6176470588235294
2025-04-08,-0.3229626993338267,0.0,-0.9697176814079285,0.0,30,0.0,0.36666666666666664,0.6333333333333333
2025-04-09,-0.07239663269784716,0.0,-0.9549742937088013,0.9422847628593445,27,0.1111111111111111,0.2222222222222222,0.6666666666666666
2025-04-10,-0.2342504777691581,0.0,-0.946256697177887,0.6330559253692627,22,0.045454545454545456,0.3181818181818182,0.6363636363636364
2025-04-11,-0.34425587124294704,0.0,-0.9643489122390747,0.8767352104187012,45,0.044444444444444446,0.4222222222222222,0.5333333333333333
2025-04-12,-0.14359048860413687,0.0,-0.7953594326972961,0.0,14,0.0,0.21428571428571427,0.7857142857142857
2025-04-13,0.06752800941467285,0.0,-0.908344030380249,0.7639129757881165,6,0.3333333333333333,0.16666666666666666,0.5
2025-04-14,-0.11401984743449999,0.0,-0.9685328006744385,0.9506570100784302,23,0.17391304347826086,0.34782608695652173,0.4782608695652174
2025-04-15,-0.01909630497296651,0.0,-0.9589985609054565,0.734703004360199,24,0.125,0.125,0.75
2025-04-16,-0.2537943405263564,0.0,-0.9701170325279236,0.9535330533981323,34,0.058823529411764705,0.35294117647058826,0.5882352941176471
2025-04-17,-0.08862177185390306,0.0,-0.9677890539169312,0.6863914728164673,23,0.13043478260869565,0.21739130434782608,0.6521739130434783
2025-04-18,-0.2806641768526148,0.0,-0.9244436621665955,0.6667147278785706,27,0.037037037037037035,0.4074074074074074,0.5555555555555556
2025-04-19,-0.09897230863571167,0.0,-0.8844823837280273,0.9433801770210266,15,0.06666666666666667,0.2,0.7333333333333333
2025-04-20,0.09256019194920857,0.0,0.0,0.8330417275428772,9,0.1111111111111111,0.0,0.8888888888888888
2025-04-21,-0.3163229150156821,0.0,-0.9613956809043884,0.7695181965827942,31,0.03225806451612903,0.41935483870967744,0.5483870967741935
2025-04-22,-0.3899025666086297,-0.251129686832428,-0.9734655022621155,0.9060631394386292,76,0.06578947368421052,0.5,0.4342105263157895
2025-04-23,-0.3283540886991164,0.0,-0.97370445728302,0.5844656229019165,68,0.014705882352941176,0.39705882352941174,0.5882352941176471
2025-04-24,-0.13273189862569174,0.0,-0.9660075902938843,0.8884502053260803,30,0.13333333333333333,0.26666666666666666,0.6
2025-04-25,-0.008263785839080811,0.0,-0.8878996968269348,0.7545406818389893,25,0.12,0.12,0.76
2025-04-26,-0.19706420715038592,0.0,-0.9083900451660156,0.8070919513702393,13,0.07692307692307693,0.3076923076923077,0.6153846153846154
2025-04-27,-0.08551030267368663,0.0,-0.5488787293434143,0.0,11,0.0,0.18181818181818182,0.8181818181818182
2025-04-28,-0.1766027047716338,0.0,-0.9561913013458252,0.0,29,0.0,0.20689655172413793,0.7931034482758621
2025-04-29,0.014907294795626686,0.0,-0.9617881178855896,0.8145109415054321,21,0.19047619047619047,0.14285714285714285,0.6666666666666666
2025-04-30,-0.00923001766204834,0.0,-0.8567184209823608,0.8170639872550964,21,0.14285714285714285,0.14285714285714285,0.7142857142857143
2025-05-01,-0.21026537906039844,0.0,-0.9728090167045593,0.723953127861023,66,0.015151515151515152,0.2727272727272727,0.7121212121212122
2025-05-02,-0.20564672743019305,0.0,-0.9719299674034119,0.7155086398124695,38,0.02631578947368421,0.2894736842105263,0.6842105263157895
2025-05-03,-0.10925070010125637,0.0,-0.9705862402915955,0.825266420841217,16,0.125,0.25,0.625
2025-05-04,-0.31517053567446196,0.0,-0.9597164392471313,0.6559004187583923,13,0.07692307692307693,0.46153846153846156,0.46153846153846156
2025-05-05,-0.3045819244450993,0.0,-0.975658655166626,0.7570978403091431,36,0.027777777777777776,0.3611111111111111,0.6111111111111112
2025-05-06,-0.41142116238673526,-0.5287775695323944,-0.9749171137809753,0.9254085421562195,48,0.08333333333333333,0.5208333333333334,0.3958333333333333
2025-05-07,-0.14789590297960767,0.0,-0.9755001664161682,0.9412909746170044,51,0.17647058823529413,0.3137254901960784,0.5098039215686274
2025-05-08,-0.06700153710941474,0.0,-0.9716753363609314,0.9228508472442627,48,0.125,0.1875,0.6875
2025-05-09,-0.16614238635913745,0.0,-0.9611508846282959,0.8782566785812378,37,0.10810810810810811,0.2972972972972973,0.5945945945945946
2025-05-10,0.04652333855628967,0.0,-0.8370783925056458,0.9328924417495728,20,0.25,0.2,0.55
2025-05-11,-0.16074177622795105,0.0,-0.9104401469230652,0.8663693070411682,14,0.07142857142857142,0.2857142857142857,0.6428571428571429
2025-05-12,-0.19102168269455433,0.0,-0.9709663987159729,0.7937784194946289,32,0.0625,0.28125,0.65625
2025-05-13,-0.14875162264396405,0.0,-0.96794193983078,0.6773171424865723,29,0.06896551724137931,0.20689655172413793,0.7241379310344828
2025-05-14,-0.10431934630169588,0.0,-0.9652292132377625,0.9253063201904297,34,0.14705882352941177,0.2647058823529412,0.5882352941176471
2025-05-15,-0.16084957122802734,0.0,-0.9547938704490662,0.0,32,0.0,0.21875,0.78125
2025-05-16,-0.042596001882810854,0.0,-0.9421090483665466,0.9459892511367798,37,0.10810810810810811,0.16216216216216217,0.7297297297297297
2025-05-17,-0.05278633369339837,0.0,-0.9391632676124573,0.8482483625411987,18,0.1111111111111111,0.16666666666666666,0.7222222222222222
2025-05-18,-0.05199959061362527,0.0,-0.9631181359291077,0.939954400062561,11,0.09090909090909091,0.18181818181818182,0.7272727272727273
2025-05-19,-0.0650754777284769,0.0,-0.9450739622116089,0.9473621845245361,39,0.20512820512820512,0.2564102564102564,0.5384615384615384
2025-05-20,0.026014210599841492,0.0,-0.9607409834861755,0.9589108824729919,66,0.18181818181818182,0.12121212121212122,0.696969696969697
2025-05-21,-0.0007604237009839314,0.0,-0.9696780443191528,0.9318093657493591,41,0.14634146341463414,0.17073170731707318,0.6829268292682927
2025-05-22,0.053186180837014145,0.0,-0.9647506475448608,0.9354351162910461,34,0.23529411764705882,0.20588235294117646,0.5588235294117647
2025-05-23,-0.019399012128512066,0.0,-0.9333250522613525,0.9304084181785583,36,0.16666666666666666,0.16666666666666666,0.6666666666666666
2025-05-24,-0.11733512695019062,0.0,-0.8202037215232849,0.0,13,0.0,0.15384615384615385,0.8461538461538461
2025-05-25,-0.18500656806505644,0.0,-0.9403150677680969,0.8245052695274353,13,0.07692307692307693,0.3076923076923077,0.6153846153846154
2025-05-26,-0.028160817093319364,0.0,-0.9183191061019897,0.7651038765907288,18,0.1111111111111111,0.1111111111111111,0.7777777777777778
2025-05-27,-0.3671499137151039,0.0,-0.9745495915412903,0.9359577894210815,59,0.0847457627118644,0.4915254237288136,0.423728813559322
2025-05-28,-0.14354892075061798,0.0,-0.9741033911705017,0.6412728428840637,44,0.045454545454545456,0.20454545454545456,0.75
2025-05-29,-0.049259104007898374,0.0,-0.9670045971870422,0.8460350632667542,43,0.11627906976744186,0.16279069767441862,0.7209302325581395
2025-05-30,-0.1086686406380091,0.0,-0.9738042950630188,0.9244365096092224,39,0.07692307692307693,0.20512820512820512,0.717948717948718
2025-05-31,-0.07322207906029442,0.0,-0.8335080146789551,0.821952760219574,22,0.045454545454545456,0.18181818181818182,0.7727272727272727
2025-06-01,0.1456510305404663,0.0,0.0,0.7282551527023315,5,0.2,0.0,0.8
2025-06-02,-0.07097946769661373,0.0,-0.9721054434776306,0.9327241778373718,54,0.12962962962962962,0.2037037037037037,0.6666666666666666
2025-06-03,-0.07138656292642866,0.0,-0.9739013910293579,0.9454512596130371,42,0.11904761904761904,0.21428571428571427,0.6666666666666666
2025-06-04,-0.2301170974969864,0.0,-0.9755515456199646,0.9047260284423828,48,0.0625,0.375,0.5625
2025-06-05,-0.3751475294431051,0.0,-0.9728303551673889,0.9475740790367126,60,0.05,0.48333333333333334,0.4666666666666667
2025-06-06,-0.13083616340601886,0.0,-0.9710749983787537,0.8712186217308044,81,0.07407407407407407,0.24691358024691357,0.6790123456790124
2025-06-07,-0.2532540308801751,0.0,-0.82334965467453,0.0,19,0.0,0.3684210526315789,0.631578947368421
2025-06-08,0.008149172251041118,0.0,-0.8578878045082092,0.9514075517654419,13,0.23076923076923078,0.23076923076923078,0.5384615384615384
2025-06-09,-0.27019992955895356,0.0,-0.9741179347038269,0.939884603023529,43,0.046511627906976744,0.37209302325581395,0.5813953488372093
2025-06-10,-0.10757179606345392,0.0,-0.9722428917884827,0.8433325886726379,62,0.06451612903225806,0.1774193548387097,0.7580645161290323
2025-06-11,-0.180078465629507,0.0,-0.9726986885070801,0.6127570271492004,54,0.037037037037037035,0.24074074074074073,0.7222222222222222
2025-06-12,-0.12883778115113576,0.0,-0.9123663306236267,0.9333850741386414,30,0.1,0.26666666666666666,0.6333333333333333
2025-06-13,0.013291531801223755,0.0,-0.9699052572250366,0.9341827630996704,60,0.18333333333333332,0.15,0.6666666666666666
2025-06-14,-0.21464461833238602,0.0,-0.9698605537414551,0.0,16,0.0,0.25,0.75
2025-06-15,0.033178288489580154,0.0,-0.8283279538154602,0.7462583184242249,16,0.1875,0.125,0.6875
2025-06-16,-0.03279626852757222,0.0,-0.9744024276733398,0.844940721988678,37,0.08108108108108109,0.13513513513513514,0.7837837837837838
2025-06-17,-0.05120323412120342,0.0,-0.9573476910591125,0.9010463356971741,32,0.15625,0.1875,0.65625
2025-06-18,-0.20100635503019607,0.0,-0.9534232020378113,0.8255025744438171,28,0.03571428571428571,0.32142857142857145,0.6428571428571429
2025-06-19,-0.0428815904785605,0.0,-0.8712829947471619,0.6170705556869507,17,0.058823529411764705,0.11764705882352941,0.8235294117647058
2025-06-20,0.046118756702968056,0.0,-0.943077027797699,0.9329758882522583,35,0.11428571428571428,0.05714285714285714,0.8285714285714286
2025-06-21,0.016320196787516277,0.0,-0.8441451191902161,0.5452567934989929,15,0.13333333333333333,0.06666666666666667,0.8
2025-06-22,-0.06508851391928537,0.0,-0.9658593535423279,0.5526739358901978,35,0.02857142857142857,0.08571428571428572,0.8857142857142857
2025-06-23,0.04041844521250044,0.0,-0.9650741815567017,0.9420326948165894,70,0.21428571428571427,0.15714285714285714,0.6285714285714286
2025-06-24,-0.17866779061464164,0.0,-0.9608129262924194,0.6442535519599915,52,0.038461538461538464,0.25,0.7115384615384616
2025-06-25,-0.4324553857247035,0.0,-0.9681762456893921,0.0,42,0.0,0.47619047619047616,0.5238095238095238
2025-06-26,-0.09953545928001403,0.0,-0.9551658034324646,0.936231791973114,40,0.15,0.25,0.6
2025-06-27,-0.30172175349611224,0.0,-0.9555239677429199,0.5693070888519287,33,0.030303030303030304,0.36363636363636365,0.6060606060606061
2025-06-28,0.07143699039112437,0.0,-0.6018428206443787,0.8759569525718689,22,0.13636363636363635,0.045454545454545456,0.8181818181818182
2025-06-29,0.052469735344251,0.0,0.0,0.629636824131012,12,0.08333333333333333,0.0,0.9166666666666666
2025-06-30,-0.07233007252216339,0.0,-0.9741179347038269,0.9549139738082886,32,0.09375,0.1875,0.71875
2025-07-01,-0.1236374183343007,0.0,-0.972396731376648,0.9535471796989441,52,0.19230769230769232,0.3269230769230769,0.4807692307692308
2025-07-02,-0.5489248179254078,-0.9209461808204651,-0.9761927723884583,0.9337153434753418,63,0.1111111111111111,0.6825396825396826,0.20634920634920634
2025-07-03,-0.23282306172229625,0.0,-0.9710826277732849,0.9350016713142395,54,0.1111111111111111,0.35185185185185186,0.5370370370370371
2025-07-04,-0.05740548748719065,0.0,-0.9745652079582214,0.9323726296424866,19,0.15789473684210525,0.21052631578947367,0.631578947368421
2025-07-05,-0.15356120467185974,0.0,-0.9213672280311584,0.0,6,0.0,0.16666666666666666,0.8333333333333334
2025-07-06,-0.3780020610852675,0.0,-0.9682392477989197,0.0,11,0.0,0.45454545454545453,0.5454545454545454
2025-07-07,-0.4154355921175169,-0.5192259401082993,-0.9715969562530518,0.7914680242538452,46,0.043478260869565216,0.5217391304347826,0.43478260869565216
2025-07-08,-0.2798996992183454,0.0,-0.9738453030586243,0.7967763543128967,33,0.06060606060606061,0.3939393939393939,0.5454545454545454
2025-07-09,-0.1414164738221602,0.0,-0.951120913028717,0.891805112361908,22,0.13636363636363635,0.2727272727272727,0.5909090909090909
2025-07-10,-0.004094439203088934,0.0,-0.9445696473121643,0.9091196656227112,55,0.14545454545454545,0.14545454545454545,0.7090909090909091
2025-07-11,-0.1603372673834524,0.0,-0.965201735496521,0.9409353733062744,31,0.06451612903225806,0.25806451612903225,0.6774193548387096
2025-07-12,0.15579689826284135,0.0,0.0,0.9567331075668335,14,0.21428571428571427,0.0,0.7857142857142857
2025-07-13,-0.1368907860347203,0.0,-0.958235502243042,0.0,7,0.0,0.14285714285714285,0.8571428571428571
2025-07-14,-0.11089135805765787,0.0,-0.9482690691947937,0.8735604286193848,60,0.08333333333333333,0.21666666666666667,0.7
2025-07-15,0.028239952079181015,0.0,-0.9480518102645874,0.9294513463973999,58,0.1724137931034483,0.1206896551724138,0.7068965517241379
2025-07-16,-0.05410277195598768,0.0,-0.9458845257759094,0.9151538610458374,46,0.10869565217391304,0.17391304347826086,0.717391304347826
2025-07-17,-0.12554600563916293,0.0,-0.9694997072219849,0.829563558101654,44,0.09090909090909091,0.20454545454545456,0.7045454545454546
2025-07-18,0.09356873234113057,0.0,-0.6595439910888672,0.8620613813400269,24,0.20833333333333334,0.08333333333333333,0.7083333333333334
2025-07-19,0.07698408194950648,0.0,-0.5753596425056458,0.8660324215888977,14,0.14285714285714285,0.07142857142857142,0.7857142857142857
2025-07-20,0.0439557292882134,0.0,-0.8300890922546387,0.8191226720809937,17,0.11764705882352941,0.058823529411764705,0.8235294117647058
2025-07-21,-0.12963802853356238,0.0,-0.954853355884552,0.8993814587593079,46,0.08695652173913043,0.2391304347826087,0.6739130434782609
2025-07-22,-0.12039070848434691,0.0,-0.9750128388404846,0.8885310292243958,63,0.1111111111111111,0.23809523809523808,0.6507936507936508
2025-07-23,-0.4152930062828642,-0.23723618686199188,-0.975514829158783,0.5976114273071289,66,0.06060606060606061,0.5,0.4393939393939394
2025-07-24,-0.29983025605861957,0.0,-0.9734077453613281,0.8479297757148743,65,0.07692307692307693,0.4,0.5230769230769231
2025-07-25,-0.05037526003384994,0.0,-0.946740448474884,0.8710299134254456,59,0.11864406779661017,0.1694915254237288,0.711864406779661
2025-07-26,0.002906099746101781,0.0,-0.6213401556015015,0.6765560507774353,19,0.05263157894736842,0.05263157894736842,0.8947368421052632
2025-07-27,-0.07730531692504883,0.0,-0.9249024391174316,0.9323098659515381,19,0.05263157894736842,0.15789473684210525,0.7894736842105263
2025-07-28,0.0922270234142031,0.0,-0.944378674030304,0.9178085923194885,70,0.2571428571428571,0.11428571428571428,0.6285714285714286
2025-07-29,0.0009802824921078153,0.0,-0.9540130496025085,0.9322528839111328,45,0.15555555555555556,0.15555555555555556,0.6888888888888889
2025-07-30,-0.010020256042480469,0.0,-0.9213488698005676,0.9093139171600342,36,0.1388888888888889,0.1388888888888889,0.7222222222222222
2025-07-31,-0.061560727217618155,0.0,-0.9693808555603027,0.877280056476593,34,0.058823529411764705,0.14705882352941177,0.7941176470588235
2025-08-01,-0.39982263431992643,-0.565214991569519,-0.9720165729522705,0.9205525517463684,43,0.06976744186046512,0.5581395348837209,0.37209302325581395
2025-08-02,-0.5090242365996043,-0.6870797872543335,-0.9553322196006775,0.4831911027431488,15,0.06666666666666667,0.6666666666666666,0.26666666666666666
2025-08-03,0.06272590160369873,0.0,0.0,0.6272590160369873,10,0.1,0.0,0.9
2025-08-04,-0.10802337569250188,0.0,-0.9723471403121948,0.9475576877593994,71,0.11267605633802817,0.2112676056338028,0.676056338028169
2025-08-05,-0.24962252527475357,0.0,-0.970927894115448,0.8524319529533386,40,0.125,0.4,0.475
2025-08-06,-0.13161444428719973,0.0,-0.9678001403808594,0.8078083395957947,38,0.07894736842105263,0.21052631578947367,0.7105263157894737
2025-08-07,-0.08399641811847687,0.0,-0.9445172548294067,0.8780426383018494,30,0.1,0.2,0.7
2025-08-08,-0.1825587139888243,0.0,-0.9755870699882507,0.8720005750656128,44,0.022727272727272728,0.22727272727272727,0.75
2025-08-09,-0.3392197847366333,0.0,-0.9603118300437927,0.0,15,0.0,0.4,0.6
2025-08-10,-0.0632157564163208,0.0,-0.632157564163208,0.0,10,0.0,0.1,0.9
2025-08-11,-0.17736923529042137,0.0,-0.9621986746788025,0.824457585811615,36,0.05555555555555555,0.2777777777777778,0.6666666666666666
2025-08-12,-0.053644385602739125,0.0,-0.9668132066726685,0.7757270336151123,36,0.1388888888888889,0.16666666666666666,0.6944444444444444
2025-08-13,0.07535395183061298,0.0,-0.7796903252601624,0.9270616173744202,19,0.15789473684210525,0.05263157894736842,0.7894736842105263
2025-08-14,-0.02403537432352702,0.0,-0.700473427772522,0.8315626978874207,18,0.05555555555555555,0.1111111111111111,0.8333333333333334
2025-08-15,-0.2448560567129226,0.0,-0.9751039743423462,0.7279305458068848,21,0.047619047619047616,0.3333333333333333,0.6190476190476191
2025-08-16,0.16979336738586426,0.0,0.0,0.7122296094894409,11,0.2727272727272727,0.0,0.7272727272727273
2025-08-17,-0.15498451391855875,0.0,-0.9299070835113525,0.0,6,0.0,0.16666666666666666,0.8333333333333334
2025-08-18,-0.08816583892878364,0.0,-0.9551708102226257,0.7987836599349976,34,0.17647058823529413,0.23529411764705882,0.5882352941176471
2025-08-19,0.007861477678472345,0.0,-0.9579988718032837,0.9094523787498474,55,0.10909090909090909,0.09090909090909091,0.8
2025-08-20,-0.0176539765463935,0.0,-0.9400362372398376,0.9374209642410278,45,0.1111111111111111,0.13333333333333333,0.7555555555555555
2025-08-21,-0.06929482157165939,0.0,-0.9620636105537415,0.942946195602417,37,0.08108108108108109,0.16216216216216217,0.7567567567567568
2025-08-22,-0.05098249424587597,0.0,-0.9625096917152405,0.8937955498695374,33,0.15151515151515152,0.18181818181818182,0.6666666666666666
2025-08-23,0.06568095584710439,0.0,-0.9021400809288025,0.9370927810668945,12,0.16666666666666666,0.08333333333333333,0.75
2025-08-24,0.07403926716910468,0.0,-0.9580102562904358,0.8153955340385437,9,0.2222222222222222,0.1111111111111111,0.6666666666666666
2025-08-25,-0.06767382007092237,0.0,-0.9454477429389954,0.8144229650497437,32,0.09375,0.1875,0.71875
2025-08-26,-0.052271351927802676,0.0,-0.9610979557037354,0.5136715769767761,21,0.047619047619047616,0.09523809523809523,0.8571428571428571
2025-08-27,0.04130340164357966,0.0,-0.8297069668769836,0.9438513517379761,22,0.13636363636363635,0.09090909090909091,0.7727272727272727
2025-08-28,-0.27328318840748556,0.0,-0.9758425354957581,0.9064813852310181,37,0.13513513513513514,0.40540540540540543,0.4594594594594595
2025-08-29,0.11131323648221565,0.0,-0.9618363976478577,0.918175458908081,66,0.24242424242424243,0.07575757575757576,0.6818181818181818
2025-08-30,-0.01651846617460251,0.0,-0.9637430310249329,0.8128002285957336,16,0.125,0.125,0.75
2025-08-31,-0.08346108595530193,0.0,-0.8979097604751587,0.7512871026992798,15,0.2,0.26666666666666666,0.5333333333333333
2025-09-01,-0.3384104150312918,0.0,-0.9730772376060486,0.0,27,0.0,0.4074074074074074,0.5925925925925926
2025-09-02,-0.14153216316782194,0.0,-0.9740613698959351,0.938391387462616,58,0.13793103448275862,0.27586206896551724,0.5862068965517241
2025-09-03,-0.14646328547421625,0.0,-0.969667911529541,0.8606733679771423,34,0.14705882352941177,0.29411764705882354,0.5588235294117647
2025-09-04,0.011000180685961689,0.0,-0.9455598592758179,0.8917609453201294,27,0.1111111111111111,0.1111111111111111,0.7777777777777778
2025-09-05,0.08178481098377344,0.0,-0.8616974949836731,0.86962890625,66,0.19696969696969696,0.07575757575757576,0.7272727272727273
2025-09-06,0.016664942105611164,0.0,-0.40753859281539917,0.6575127243995667,15,0.06666666666666667,0.06666666666666667,0.8666666666666667
2025-09-07,0.17334248423576354,0.0,-0.6632797718048096,0.9275243282318115,10,0.3,0.1,0.6
2025-09-08,-0.26634838311902936,0.0,-0.9755588173866272,0.9489551782608032,31,0.16129032258064516,0.45161290322580644,0.3870967741935484
2025-09-09,-0.08577766450675758,0.0,-0.972276508808136,0.0,37,0.0,0.10810810810810811,0.8918918918918919
2025-09-10,-0.08545575358650902,0.0,-0.9676991105079651,0.9448153376579285,33,0.12121212121212122,0.21212121212121213,0.6666666666666666
2025-09-11,-0.02583872704278855,0.0,-0.9292073249816895,0.758287787437439,21,0.19047619047619047,0.19047619047619047,0.6190476190476191
2025-09-12,-0.04766081409020857,0.0,-0.9599786996841431,0.6951457858085632,22,0.045454545454545456,0.09090909090909091,0.8636363636363636
2025-09-13,-0.11867332458496094,0.0,-0.9250165820121765,0.0,15,0.0,0.13333333333333333,0.8666666666666667
2025-09-14,0.058124189575513206,0.0,-0.8424161076545715,0.8551351428031921,12,0.25,0.16666666666666666,0.5833333333333334
2025-09-15,0.13788294792175293,0.0,-0.9385244846343994,0.9337978959083557,46,0.30434782608695654,0.13043478260869565,0.5652173913043478
2025-09-16,-0.20984091124837362,0.0,-0.9533795118331909,0.9054483771324158,63,0.12698412698412698,0.36507936507936506,0.5079365079365079
2025-09-17,-0.23017199951059678,0.0,-0.9530801177024841,0.0,34,0.0,0.29411764705882354,0.7058823529411765
2025-09-18,-0.1422797908654084,0.0,-0.936391294002533,0.8604807257652283,37,0.05405405405405406,0.24324324324324326,0.7027027027027027
2025-09-19,0.12235859943472821,0.0,-0.900601327419281,0.9112797379493713,23,0.21739130434782608,0.043478260869565216,0.7391304347826086
2025-09-20,0.07342673723514263,0.0,0.0,0.9545475840568542,13,0.07692307692307693,0.0,0.9230769230769231
2025-09-21,0.040115218896132246,0.0,0.0,0.5214978456497192,13,0.07692307692307693,0.0,0.9230769230769231
2025-09-22,0.17633827129999796,0.0,0.0,0.9282978177070618,15,0.2,0.0,0.8
2025-09-23,-0.02485081282528964,0.0,-0.9453557729721069,0.92635178565979,22,0.18181818181818182,0.22727272727272727,0.5909090909090909
2025-09-24,0.026460111141204834,0.0,-0.9387456774711609,0.932441234588623,19,0.15789473684210525,0.10526315789473684,0.7368421052631579
2025-09-25,-0.22249075770378113,0.0,-0.971091091632843,0.9378598928451538,30,0.1,0.3333333333333333,0.5666666666666667
2025-09-26,0.03817198138970595,0.0,-0.7237898111343384,0.9379952549934387,26,0.07692307692307693,0.038461538461538464,0.8846153846153846
2025-09-27,0.12341731328230637,0.0,0.0,0.8820387125015259,13,0.15384615384615385,0.0,0.8461538461538461
2025-09-28,-0.20113224708116972,0.0,-0.9363811612129211,0.9480050802230835,13,0.07692307692307693,0.38461538461538464,0.5384615384615384
2025-09-29,-0.006240392724672954,0.0,-0.9321482181549072,0.7823787927627563,24,0.041666666666666664,0.041666666666666664,0.9166666666666666
2025-09-30,-0.04772323121627172,0.0,-0.7891395688056946,0.9130392074584961,24,0.125,0.20833333333333334,0.6666666666666666
2025-10-01,-0.014773468638575354,0.0,-0.9735382199287415,0.9397193789482117,43,0.18604651162790697,0.20930232558139536,0.6046511627906976
2025-10-02,0.165152861126538,0.0,-0.9703830480575562,0.9475075006484985,58,0.3793103448275862,0.15517241379310345,0.46551724137931033
2025-10-03,-0.03393539318851396,0.0,-0.966805100440979,0.9441832304000854,51,0.21568627450980393,0.27450980392156865,0.5098039215686274
2025-10-04,-0.11809472574128045,0.0,-0.9718879461288452,0.94759601354599,18,0.16666666666666666,0.3333333333333333,0.5
2025-10-05,-0.08569275736808776,0.0,-0.8732064366340637,0.8510291576385498,10,0.1,0.2,0.7
2025-10-06,-0.0910727112066178,0.0,-0.9718046188354492,0.5888525247573853,42,0.023809523809523808,0.11904761904761904,0.8571428571428571
2025-10-07,-0.014868443210919699,0.0,-0.9682177901268005,0.9471956491470337,72,0.09722222222222222,0.1111111111111111,0.7916666666666666
2025-10-08,-0.04173560131270931,0.0,-0.9692474603652954,0.8142573833465576,53,0.09433962264150944,0.1320754716981132,0.7735849056603774
2025-10-09,-0.2726665667949184,0.0,-0.9603208303451538,0.7191360592842102,62,0.06451612903225806,0.4032258064516129,0.532258064516129
2025-10-10,-0.0895833174387614,0.0,-0.9301081299781799,0.9473887085914612,42,0.16666666666666666,0.2857142857142857,0.5476190476190477
2025-10-11,0.26462309062480927,0.0,0.0,0.922928512096405,12,0.3333333333333333,0.0,0.6666666666666666
2025-10-12,0.0,0.0,0.0,0.0,8,0.0,0.0,1.0
2025-10-13,-0.018016816088647553,0.0,-0.8848705291748047,0.9320340156555176,33,0.18181818181818182,0.21212121212121213,0.6060606060606061
2025-10-14,-0.11829251243222144,0.0,-0.969710111618042,0.9447528719902039,31,0.0967741935483871,0.25806451612903225,0.6451612903225806
2025-10-15,0.03599828656981973,0.0,-0.9717612862586975,0.9324812889099121,34,0.20588235294117646,0.14705882352941177,0.6470588235294118
2025-10-16,0.11248147746791011,0.0,-0.8722118139266968,0.733393669128418,23,0.21739130434782608,0.043478260869565216,0.7391304347826086
2025-10-17,-0.0813097080280041,0.0,-0.971716046333313,0.8767273426055908,29,0.10344827586206896,0.1724137931034483,0.7241379310344828
2025-10-18,0.08116153213712904,0.0,-0.9719001054763794,0.8638299703598022,18,0.16666666666666666,0.05555555555555555,0.7777777777777778
2025-10-19,-0.04111177523930867,0.0,-0.9275158047676086,0.7979087233543396,15,0.06666666666666667,0.13333333333333333,0.8
2025-10-20,0.021523628383874893,0.0,-0.8427961468696594,0.8928813934326172,32,0.125,0.09375,0.78125
2025-10-21,-0.0914530404976436,0.0,-0.9635916948318481,0.8400100469589233,35,0.11428571428571428,0.2,0.6857142857142857
2025-10-22,-0.2904356610443857,0.0,-0.9730903506278992,0.9531571269035339,72,0.1111111111111111,0.4305555555555556,0.4583333333333333
2025-10-23,-0.22641558221408298,0.0,-0.973551332950592,0.9417014718055725,70,0.12857142857142856,0.38571428571428573,0.4857142857142857
2025-10-24,-0.09022495676489438,0.0,-0.931928277015686,0.9295587539672852,34,0.08823529411764706,0.20588235294117646,0.7058823529411765
2025-10-25,0.09034380316734314,0.0,-0.753164529800415,0.8734294772148132,16,0.1875,0.0625,0.75
2025-10-26,-0.04201717125742059,0.0,-0.7275565266609192,0.6003507375717163,19,0.05263157894736842,0.10526315789473684,0.8421052631578947
2025-10-27,-0.13499473730723063,0.0,-0.934083104133606,0.9273896217346191,45,0.1111111111111111,0.3111111111111111,0.5777777777777777
2025-10-28,-0.18047644775740954,0.0,-0.9707053899765015,0.8164638876914978,49,0.12244897959183673,0.30612244897959184,0.5714285714285714
2025-10-29,-0.14204726926982403,0.0,-0.9476135969161987,0.8659144043922424,32,0.03125,0.21875,0.75
2025-10-30,-0.038889281889971566,0.0,-0.8865403532981873,0.5768428444862366,34,0.058823529411764705,0.08823529411764706,0.8529411764705882
2025-10-31,-0.02763218129122699,0.0,-0.845597505569458,0.9526336193084717,27,0.07407407407407407,0.1111111111111111,0.8148148148148148
2025-11-01,-0.07515623172124226,0.0,-0.9018747806549072,0.0,12,0.0,0.08333333333333333,0.9166666666666666
2025-11-02,-0.059343108109065464,0.0,-0.8308035135269165,0.0,14,0.0,0.07142857142857142,0.9285714285714286
2025-11-03,-0.26820087300406564,0.0,-0.9732494354248047,0.9422715306282043,45,0.06666666666666667,0.35555555555555557,0.5777777777777777
2025-11-04,-0.22948576552527292,0.0,-0.9741136431694031,0.8078831434249878,35,0.05714285714285714,0.3142857142857143,0.6285714285714286
2025-11-05,-0.11548860243388585,0.0,-0.9701763987541199,0.8702401518821716,35,0.14285714285714285,0.2571428571428571,0.6
2025-11-06,0.13586600186073616,0.0,-0.9038674235343933,0.8923807144165039,73,0.2602739726027397,0.0547945205479452,0.684931506849315
2025-11-07,0.0668806859425136,0.0,-0.9215649962425232,0.8582472205162048,70,0.14285714285714285,0.04285714285714286,0.8142857142857143
2025-11-08,-0.0033609678870753236,0.0,-0.7976441979408264,0.6945372223854065,19,0.10526315789473684,0.10526315789473684,0.7894736842105263
2025-11-09,0.1694556415081024,0.0,0.0,0.9424146413803101,10,0.2,0.0,0.8
2025-11-10,-0.2011689475991509,0.0,-0.9743567109107971,0.9229328036308289,44,0.11363636363636363,0.3409090909090909,0.5454545454545454
2025-11-11,-0.08336316347122193,0.0,-0.9709577560424805,0.9362301230430603,35,0.11428571428571428,0.2,0.6857142857142857
2025-11-12,-0.10047751394185153,0.0,-0.9667393565177917,0.6031322479248047,22,0.045454545454545456,0.13636363636363635,0.8181818181818182
2025-11-13,-0.0793747345606486,0.0,-0.9636183381080627,0.9273396730422974,60,0.15,0.21666666666666667,0.6333333333333333
2025-11-14,-0.14558121412992478,0.0,-0.969372034072876,0.6931893825531006,40,0.075,0.225,0.7
2025-11-15,-0.03468360219682966,0.0,-0.8347278237342834,0.8820787668228149,14,0.14285714285714285,0.21428571428571427,0.6428571428571429
2025-11-16,0.004686295986175537,0.0,-0.9057304263114929,0.9479070901870728,9,0.1111111111111111,0.1111111111111111,0.7777777777777778
2025-11-17,-0.021726604355008977,0.0,-0.9512532949447632,0.7162718176841736,38,0.15789473684210525,0.15789473684210525,0.6842105263157895
2025-11-18,-0.12959099843584257,0.0,-0.9674833416938782,0.9366157650947571,29,0.06896551724137931,0.2413793103448276,0.6896551724137931
2025-11-19,-0.01988514049633129,0.0,-0.9332270622253418,0.9380095601081848,37,0.10810810810810811,0.13513513513513514,0.7567567567567568
2025-11-20,-0.05383278074718657,0.0,-0.7538430690765381,0.9385218620300293,21,0.09523809523809523,0.19047619047619047,0.7142857142857143
2025-11-21,-0.174012611741605,0.0,-0.9672896862030029,0.0,23,0.0,0.21739130434782608,0.782608695652174
2025-11-22,0.0,0.0,0.0,0.0,10,0.0,0.0,1.0
2025-11-23,0.0,0.0,0.0,0.0,3,0.0,0.0,1.0
2025-11-24,-0.24614665815324493,0.0,-0.9661024808883667,0.7124589085578918,33,0.06060606060606061,0.3939393939393939,0.5454545454545454
2025-11-25,-0.2720528953784221,0.0,-0.9723566174507141,0.9092543721199036,37,0.05405405405405406,0.3783783783783784,0.5675675675675675
2025-11-26,-0.17340110499283362,0.0,-0.9677037596702576,0.7972134947776794,29,0.13793103448275862,0.27586206896551724,0.5862068965517241
2025-11-27,-0.1380722920099894,0.0,-0.9672359228134155,0.7923060059547424,12,0.25,0.3333333333333333,0.4166666666666667
2025-11-28,-0.1371064990758896,0.0,-0.9377548098564148,0.8822671175003052,20,0.05,0.2,0.75
2025-11-29,-0.0752004124224186,0.0,-0.8178879618644714,0.9110351204872131,16,0.0625,0.1875,0.75
2025-11-30,-0.005838632583618164,0.0,-0.6986348628997803,0.6249610781669617,14,0.14285714285714285,0.14285714285714285,0.7142857142857143
2025-12-01,-0.0999260503670265,0.0,-0.9640792608261108,0.7655653953552246,29,0.1724137931034483,0.2413793103448276,0.5862068965517241
2025-12-02,0.007877908254924574,0.0,-0.9625772833824158,0.95599764585495,38,0.2631578947368421,0.2631578947368421,0.47368421052631576
2025-12-03,0.00771198190491775,0.0,-0.9670605063438416,0.9401468634605408,29,0.27586206896551724,0.2413793103448276,0.4827586206896552
2025-12-04,-0.1188650063105992,0.0,-0.9719477891921997,0.9269826412200928,35,0.05714285714285714,0.17142857142857143,0.7714285714285715
2025-12-05,0.09218098683790728,0.0,-0.9596406817436218,0.9255324602127075,55,0.18181818181818182,0.07272727272727272,0.7454545454545455
2025-12-06,0.06271104920994151,0.0,0.0,0.6898215413093567,11,0.09090909090909091,0.0,0.9090909090909091
2025-12-07,-0.007990151643753052,0.0,-0.9456745386123657,0.8902876377105713,10,0.2,0.2,0.6
2025-12-08,-0.02265146859856539,0.0,-0.973663330078125,0.8963393568992615,43,0.16279069767441862,0.13953488372093023,0.6976744186046512
2025-12-09,-0.03527468316098477,0.0,-0.9719300866127014,0.8203072547912598,47,0.1276595744680851,0.1276595744680851,0.7446808510638298
2025-12-10,0.010926428250968456,0.0,-0.9380403757095337,0.9221307039260864,32,0.15625,0.125,0.71875
2025-12-11,0.026130586862564087,0.0,-0.9692794680595398,0.6616560816764832,32,0.125,0.0625,0.8125
2025-12-12,-0.12931120751509026,0.0,-0.9737199544906616,0.9116287231445312,67,0.08955223880597014,0.22388059701492538,0.6865671641791045
2025-12-13,-0.07584487850015814,0.0,-0.9677335023880005,0.922554075717926,55,0.09090909090909091,0.18181818181818182,0.7272727272727273
2025-12-14,-0.0797686551479583,0.0,-0.9699686765670776,0.8818632960319519,47,0.0851063829787234,0.19148936170212766,0.723404255319149
2025-12-15,0.08357833609694526,0.0,-0.943208634853363,0.9443402290344238,84,0.21428571428571427,0.10714285714285714,0.6785714285714286
2025-12-16,0.04817292094230652,0.0,-0.9218237400054932,0.9380457401275635,54,0.24074074074074073,0.2037037037037037,0.5555555555555556
2025-12-17,-0.3331321444776323,0.0,-0.966620147228241,0.9404833316802979,72,0.08333333333333333,0.4861111111111111,0.4305555555555556
2025-12-18,-0.20878589542015738,0.0,-0.9666556715965271,0.9358827471733093,46,0.08695652173913043,0.34782608695652173,0.5652173913043478
2025-12-19,-0.20646648189506014,0.0,-0.9553980827331543,0.9508163928985596,74,0.0945945945945946,0.32432432432432434,0.581081081081081
2025-12-20,-0.08630757388614473,0.0,-0.9562486410140991,0.6851474046707153,63,0.14285714285714285,0.2222222222222222,0.6349206349206349
2025-12-21,-0.0024842297708666003,0.0,-0.9516716599464417,0.9002055525779724,37,0.10810810810810811,0.10810810810810811,0.7837837837837838
2025-12-22,-0.05051411072413126,0.0,-0.955090343952179,0.9475110173225403,75,0.14666666666666667,0.21333333333333335,0.64
2025-12-23,-0.15200898613569871,0.0,-0.9751660823822021,0.8533362150192261,53,0.09433962264150944,0.24528301886792453,0.660377358490566
2025-12-24,-0.08679034686707832,0.0,-0.9736059308052063,0.947961151599884,77,0.09090909090909091,0.18181818181818182,0.7272727272727273
2025-12-25,-0.07731758665155482,0.0,-0.9451624751091003,0.5756519436836243,27,0.037037037037037035,0.1111111111111111,0.8518518518518519
2025-12-26,-0.13034801076098188,0.0,-0.9659942388534546,0.9462413191795349,82,0.12195121951219512,0.2926829268292683,0.5853658536585366
2025-12-27,-0.042821969498287545,0.0,-0.9445928335189819,0.9289160370826721,44,0.13636363636363635,0.1590909090909091,0.7045454545454546
2025-12-28,-0.1436062323845039,0.0,-0.9684110283851624,0.9349598288536072,59,0.05084745762711865,0.23728813559322035,0.711864406779661
2025-12-29,-0.23855873569846153,0.0,-0.9730367064476013,0.8761038780212402,80,0.0875,0.35,0.5625
2025-12-30,-0.22352835867140028,0.0,-0.9722922444343567,0.7401902079582214,54,0.1111111111111111,0.3333333333333333,0.5555555555555556
2025-12-31,-0.07162995423589434,0.0,-0.9654585719108582,0.9409114718437195,70,0.15714285714285714,0.22857142857142856,0.6142857142857143
2026-01-01,-0.1387627273797989,0.0,-0.9710279107093811,0.7920039296150208,32,0.09375,0.25,0.65625
