date,avg_sentiment,avg_sentiment_ma7,article_count,article_count_ma7,avg_sentiment_lag1,article_count_lag1,latest_earnings_sentiment
2024-01-24,-0.0574711733742764,-0.009703093592266315,76,36.714285714285715,-0.0131485427127164,34.0,0.0777341211941225
2024-01-25,-0.175297088542227,-0.02507782230173593,59,37.142857142857146,-0.0574711733742764,76.0,0.0777341211941225
2024-01-26,-0.1634142053754706,-0.046785525654158576,57,40.714285714285715,-0.175297088542227,59.0,0.0777341211941225
2024-01-27,-0.2069616826141581,-0.09341177718941393,17,42.142857142857146,-0.1634142053754706,57.0,0.0777341211941225
2024-01-28,-0.0542690381407737,-0.10452182078606764,16,42.714285714285715,-0.2069616826141581,17.0,0.0777341211941225
2024-01-29,-0.0043130364823848,-0.09641068103457243,47,43.714285714285715,-0.0542690381407737,16.0,0.0777341211941225
2024-01-30,-0.3527344009786282,-0.14492294650113124,53,46.42857142857143,-0.0043130364823848,47.0,0.0777341211941225
2024-01-31,-0.1650976941250918,-0.16029816375124772,57,43.714285714285715,-0.3527344009786282,53.0,0.0777341211941225
2024-02-01,-0.0708614349365234,-0.14537878466471868,60,43.857142857142854,-0.1650976941250918,57.0,0.0777341211941225
2024-02-02,-0.286276728306946,-0.1629305736549294,76,46.57142857142857,-0.0708614349365234,60.0,0.0777341211941225
2024-02-03,-0.1314265536410468,-0.15213984094448496,28,48.142857142857146,-0.286276728306946,76.0,0.0777341211941225
2024-02-04,-0.1552021886621202,-0.16655886244753446,14,47.857142857142854,-0.1314265536410468,28.0,0.0777341211941225
2024-02-05,-0.1415172629058361,-0.18615946622231322,48,48.0,-0.1552021886621202,14.0,0.0777341211941225
2024-02-06,-0.0689077998201052,-0.14561280891395278,48,47.285714285714285,-0.1415172629058361,48.0,0.0777341211941225
2024-02-07,-0.0866311992087015,-0.13440330964018274,41,45.0,-0.0689077998201052,48.0,0.0777341211941225
2024-02-08,0.0193877816200256,-0.12151056441781861,37,41.714285714285715,-0.0866311992087015,41.0,0.0777341211941225
2024-02-09,-0.0362616553902626,-0.08579412542972098,24,34.285714285714285,0.0193877816200256,37.0,0.0777341211941225
2024-02-10,-0.0677086527530963,-0.07669156816001375,13,32.142857142857146,-0.0362616553902626,24.0,0.0777341211941225
2024-02-11,-0.2208160345370952,-0.08606497471358161,13,32.0,-0.0677086527530963,13.0,0.0777341211941225
2024-02-12,-0.0663707391271051,-0.07532975703090575,53,32.714285714285715,-0.2208160345370952,13.0,0.0777341211941225
2024-02-13,-0.0198303555187426,-0.06831869355928252,38,31.285714285714285,-0.0663707391271051,53.0,0.0777341211941225
2024-02-14,0.0014036152420974,-0.05574229149488268,41,31.285714285714285,-0.0198303555187426,38.0,0.0777341211941225
2024-02-15,0.000853677590688,-0.05839002064193092,27,29.857142857142858,0.0014036152420974,41.0,0.0777341211941225
2024-02-16,-0.0604008947099958,-0.0618384834018928,28,30.428571428571427,0.000853677590688,27.0,0.0777341211941225
2024-02-17,-0.0359601616859436,-0.05730298467801385,10,30.0,-0.0604008947099958,28.0,0.0777341211941225
2024-02-18,0.0055872377227334,-0.0249596600694669,17,30.571428571428573,-0.0359601616859436,10.0,0.0777341211941225
2024-02-19,-0.0328716541591443,-0.020174076502615355,19,25.714285714285715,0.0055872377227334,17.0,0.0777341211941225
2024-02-20,-0.1309242490679025,-0.03604463272392392,32,24.857142857142858,-0.0328716541591443,19.0,0.0777341211941225
2024-02-21,-0.1577587230452175,-0.058782109622111764,29,23.142857142857142,-0.1309242490679025,32.0,0.0777341211941225
2024-02-22,0.0226447522640228,-0.055669098954492506,30,23.571428571428573,-0.1577587230452175,29.0,0.0777341211941225
2024-02-23,0.1428331292193869,-0.02663566696458069,23,22.857142857142858,0.0226447522640228,30.0,0.0777341211941225
2024-02-24,-0.1986658527300908,-0.04987933711374458,13,23.285714285714285,0.1428331292193869,23.0,0.0777341211941225
2024-02-25,0.1471477713849809,-0.029656403733423504,18,23.428571428571427,-0.1986658527300908,13.0,0.0777341211941225
2024-02-26,0.0219116595056321,-0.021830216067026877,45,27.142857142857142,0.1471477713849809,18.0,0.0777341211941225
2024-02-27,0.0310735292732715,0.0013123236959979821,32,27.142857142857142,0.0219116595056321,45.0,0.0777341211941225
2024-02-28,0.0556478060208834,0.03179897070544097,65,32.285714285714285,0.0310735292732715,32.0,0.0777341211941225
2024-02-29,0.0113943298657735,0.03019176750569107,60,36.57142857142857,0.0556478060208834,65.0,0.0777341211941225
2024-03-01,0.0084441006183624,0.010993334848401856,36,38.42857142857143,0.0113943298657735,60.0,0.0777341211941225
2024-03-02,-0.0564304309732773,0.031312680813660926,17,39.0,0.0084441006183624,36.0,0.0777341211941225
2024-03-03,-0.1971978921639292,-0.01787955683618337,19,39.142857142857146,-0.0564304309732773,17.0,0.0777341211941225
2024-03-04,-0.199676784309181,-0.049535048809728095,37,38.0,-0.1971978921639292,19.0,0.0777341211941225
2024-03-05,-0.2443526957346045,-0.08888165238228182,46,40.0,-0.199676784309181,37.0,0.0777341211941225
2024-03-06,-0.1471478826594802,-0.11785246505090519,53,38.285714285714285,-0.2443526957346045,46.0,0.0777341211941225
2024-03-07,-0.0524474437589998,-0.1269727184258728,54,37.42857142857143,-0.1471478826594802,53.0,0.0777341211941225
2024-03-08,-0.1145040640291178,-0.1445367419469414,53,39.857142857142854,-0.0524474437589998,54.0,0.0777341211941225
2024-03-09,0.0682981381049523,-0.12671837493576574,13,39.285714285714285,-0.1145040640291178,53.0,0.0777341211941225
2024-03-10,-0.0757654905319213,-0.10937088898833604,10,38.0,0.0682981381049523,13.0,0.0777341211941225
2024-03-11,-0.1501680076122284,-0.10229820660305709,40,38.42857142857143,-0.0757654905319213,10.0,0.0777341211941225
2024-03-12,-0.1433579266071319,-0.0878703824419896,50,39.0,-0.1501680076122284,40.0,0.0777341211941225
2024-03-13,-0.0797484037352771,-0.07824188545281771,41,37.285714285714285,-0.1433579266071319,50.0,0.0777341211941225
2024-03-14,-0.1446123328702203,-0.09140829818299208,29,33.714285714285715,-0.0797484037352771,41.0,0.0777341211941225
2024-03-15,-0.0055948926342858,-0.0758498451265875,45,32.57142857142857,-0.1446123328702203,29.0,0.0777341211941225
2024-03-16,0.0358795225620269,-0.08048107591843398,22,33.857142857142854,-0.0055948926342858,45.0,0.0777341211941225
2024-03-17,-0.2189369797706604,-0.10093414580968242,10,33.857142857142854,0.0358795225620269,22.0,0.0777341211941225
2024-03-18,-0.0571752777605345,-0.0876494701165833,33,32.857142857142854,-0.2189369797706604,10.0,0.0777341211941225
2024-03-19,-0.0562219534601484,-0.0752014739527285,35,30.714285714285715,-0.0571752777605345,33.0,0.0777341211941225
2024-03-20,-0.0091056691275702,-0.0651096547230561,36,30.0,-0.0562219534601484,35.0,0.0777341211941225
2024-03-21,0.0518936067819595,-0.037037377629887555,32,30.428571428571427,-0.0091056691275702,36.0,0.0777341211941225
2024-03-22,-0.0358206342767786,-0.04135534072167224,27,27.857142857142858,0.0518936067819595,32.0,0.0777341211941225
2024-03-23,-0.0411100891920236,-0.052353856686536596,13,26.571428571428573,-0.0358206342767786,27.0,0.0777341211941225
2024-03-24,0.0,-0.021077145290727968,12,26.857142857142858,-0.0411100891920236,13.0,0.0777341211941225
2024-03-25,-0.0339654769216265,-0.01776145945659826,35,27.142857142857142,0.0,12.0,0.0777341211941225
2024-03-26,0.0670651589121137,-0.000149014831989385,35,27.142857142857142,-0.0339654769216265,35.0,0.0777341211941225
2024-03-27,0.0414676614429639,0.007075746678086914,23,25.285714285714285,0.0670651589121137,35.0,0.0777341211941225
2024-03-28,-8.484896491555606e-07,-0.000337746932142894,34,25.571428571428573,0.0414676614429639,23.0,0.0777341211941225
2024-03-29,0.0568966541971479,0.01290757999270375,35,26.714285714285715,-8.484896491555606e-07,34.0,0.0777341211941225
2024-03-30,0.0346818215706769,0.023734995815946677,17,27.285714285714285,0.0568966541971479,35.0,0.0777341211941225
2024-03-31,0.0659259070049632,0.03315298253094142,11,27.142857142857142,0.0346818215706769,17.0,0.0777341211941225
2024-04-01,0.0377119397505735,0.04339261348411285,39,27.714285714285715,0.0659259070049632,11.0,0.0777341211941225
2024-04-02,-0.3901887262453798,-0.021929370109814796,61,31.428571428571427,0.0377119397505735,39.0,0.0777341211941225
2024-04-03,-0.2180125463840573,-0.05899797122796068,43,34.285714285714285,-0.3901887262453798,61.0,0.0777341211941225
2024-04-04,-0.1231237587175871,-0.07658695840338038,38,34.857142857142854,-0.2180125463840573,43.0,0.0777341211941225
2024-04-05,-0.2412822753996462,-0.11918394834577953,74,40.42857142857143,-0.1231237587175871,38.0,0.0777341211941225
2024-04-06,-0.0208095397268022,-0.12711128567399085,14,40.0,-0.2412822753996462,74.0,0.0777341211941225
2024-04-07,-0.1449358264605204,-0.15723439045477422,21,41.42857142857143,-0.0208095397268022,14.0,0.0777341211941225
2024-04-08,-0.1882983666879159,-0.18952157708884412,54,43.57142857142857,-0.1449358264605204,21.0,0.0777341211941225
2024-04-09,-0.1932689897716045,-0.16139018616401907,40,40.57142857142857,-0.1882983666879159,54.0,0.0777341211941225
2024-04-10,-0.1123516774177551,-0.1462957763116902,25,38.0,-0.1932689897716045,40.0,0.0777341211941225
2024-04-11,-0.0844323245378641,-0.14076842857172978,26,36.285714285714285,-0.1123516774177551,25.0,0.0777341211941225
2024-04-12,-0.1797152300213658,-0.13197313637483257,43,31.857142857142858,-0.0844323245378641,26.0,0.0777341211941225
2024-04-13,-0.0395066253840923,-0.1346441486115883,16,32.142857142857146,-0.1797152300213658,43.0,0.0777341211941225
2024-04-14,-0.062952450911204,-0.12293223781882881,15,31.285714285714285,-0.0395066253840923,16.0,0.0777341211941225
2024-04-15,-0.5227306259089503,-0.17070827485040516,87,36.0,-0.062952450911204,15.0,0.0777341211941225
2024-04-16,-0.4632123898952565,-0.20927161772521258,47,37.0,-0.5227306259089503,87.0,0.0777341211941225
2024-04-17,-0.1266375648193672,-0.21131245878258573,61,42.142857142857146,-0.4632123898952565,47.0,0.0777341211941225
2024-04-18,-0.2390261720056119,-0.23339729413512114,46,45.0,-0.1266375648193672,61.0,0.0777341211941225
2024-04-19,-0.3527046227455139,-0.25811006452428514,75,49.57142857142857,-0.2390261720056119,46.0,0.0777341211941225
2024-04-20,-0.2502743516649519,-0.28821973970726505,28,51.285714285714285,-0.3527046227455139,75.0,0.0777341211941225
2024-04-21,-0.4566844304402669,-0.3444671653542741,33,53.857142857142854,-0.2502743516649519,28.0,0.0777341211941225
2024-04-22,-0.2896570615146471,-0.31117094186937366,69,51.285714285714285,-0.4566844304402669,33.0,0.0777341211941225
2024-04-23,-0.3002081176927013,-0.28788461726900855,62,53.42857142857143,-0.2896570615146471,69.0,0.0336156056539432
2024-04-24,-0.0314944704642166,-0.2742927466468442,74,55.285714285714285,-0.3002081176927013,62.0,0.0336156056539432
2024-04-25,-0.0548389869076865,-0.24798029163285487,35,53.714285714285715,-0.0314944704642166,74.0,0.0336156056539432
2024-04-26,-0.2553333139253987,-0.2340701046585527,72,53.285714285714285,-0.0548389869076865,35.0,0.0336156056539432
2024-04-27,0.0640428960323333,-0.1891676407017977,16,51.57142857142857,-0.2553333139253987,72.0,0.0336156056539432
2024-04-28,0.0258579124575075,-0.12023302028782991,23,50.142857142857146,0.0640428960323333,16.0,0.0336156056539432
2024-04-29,-0.081153521935145,-0.09044680034790102,60,48.857142857142854,0.0258579124575075,23.0,0.0336156056539432
2024-04-30,-0.1945001290904151,-0.07534565911900303,45,46.42857142857143,-0.081153521935145,60.0,0.0336156056539432
2024-05-01,-0.1444451347836908,-0.09148146830749934,53,43.42857142857143,-0.1945001290904151,45.0,0.0336156056539432
2024-05-02,-0.2248291710148686,-0.11576578032281105,46,45.0,-0.1444451347836908,53.0,0.0336156056539432
2024-05-03,-0.1312175914645195,-0.09803496282839974,32,39.285714285714285,-0.2248291710148686,46.0,0.0336156056539432
2024-05-04,-0.0222475449244181,-0.11036216867936423,30,41.285714285714285,-0.1312175914645195,32.0,0.0336156056539432
2024-05-05,-0.0909185199176564,-0.1270445161615305,17,40.42857142857143,-0.0222475449244181,30.0,0.0336156056539432
2024-05-06,-0.0668735444545745,-0.12500451937859186,30,36.142857142857146,-0.0909185199176564,17.0,0.0336156056539432
2024-05-07,-0.1762060195207596,-0.12239107515435535,40,35.42857142857143,-0.0668735444545745,30.0,0.0336156056539432
2024-05-08,-0.1284803450107574,-0.12011039090107915,38,33.285714285714285,-0.1762060195207596,40.0,0.0336156056539432
2024-05-09,-0.1107535905697766,-0.10381387940892316,34,31.571428571428573,-0.1284803450107574,38.0,0.0336156056539432
2024-05-10,-0.2993868406002338,-0.12783805785688235,39,32.57142857142857,-0.1107535905697766,34.0,0.0336156056539432
2024-05-11,-0.1699121664552127,-0.148933003789853,17,30.714285714285715,-0.2993868406002338,39.0,0.0336156056539432
2024-05-12,-0.0873547792434692,-0.14842389797925484,10,29.714285714285715,-0.1699121664552127,17.0,0.0336156056539432
2024-05-13,-0.1320120409915322,-0.1577293974845345,38,30.857142857142858,-0.0873547792434692,10.0,0.0336156056539432
2024-05-14,-0.2348838161144937,-0.16611193985506792,28,29.142857142857142,-0.1320120409915322,38.0,0.0336156056539432
2024-05-15,-0.0474956201182471,-0.15454269344185217,36,28.857142857142858,-0.2348838161144937,28.0,0.0336156056539432
2024-05-16,-0.0595518398929286,-0.14722815763087388,37,29.285714285714285,-0.0474956201182471,36.0,0.0336156056539432
2024-05-17,-0.2238259315490722,-0.13643374205213651,30,28.0,-0.0595518398929286,37.0,0.0336156056539432
2024-05-18,-0.1041662587839014,-0.1270414695276635,17,28.0,-0.2238259315490722,30.0,0.0336156056539432
2024-05-19,-0.1823436617851257,-0.14061130989075726,6,27.428571428571427,-0.1041662587839014,17.0,0.0336156056539432
2024-05-20,-0.2566763880925301,-0.15842050233375699,39,27.571428571428573,-0.1823436617851257,6.0,0.0336156056539432
2024-05-21,-0.142186638381746,-0.14517804837193587,36,28.714285714285715,-0.2566763880925301,39.0,0.0336156056539432
2024-05-22,0.2388856410980224,-0.10426643962675453,25,27.142857142857142,-0.142186638381746,36.0,0.0336156056539432
2024-05-23,-0.0687932303973606,-0.1055866382702448,35,26.857142857142858,0.2388856410980224,25.0,0.0336156056539432
2024-05-24,-0.0992768231560202,-0.08779390849980881,34,27.428571428571427,-0.0687932303973606,35.0,0.0336156056539432
2024-05-25,-0.1225172976652781,-0.09041548548286261,6,25.857142857142858,-0.0992768231560202,34.0,0.0336156056539432
2024-05-26,0.0512007772922515,-0.05705199418609443,12,26.714285714285715,-0.1225172976652781,6.0,0.0336156056539432
2024-05-27,0.0296743010219774,-0.01614475288402194,19,23.857142857142858,0.0512007772922515,12.0,0.0336156056539432
2024-05-28,0.0028850282941545,0.004579770926820987,35,23.714285714285715,0.0296743010219774,19.0,0.0336156056539432
2024-05-29,-0.0809211134910583,-0.041106908300190544,24,23.571428571428573,0.0028850282941545,35.0,0.0336156056539432
2024-05-30,0.0083764305821171,-0.030082671017408014,27,22.428571428571427,-0.0809211134910583,24.0,0.0336156056539432
2024-05-31,-0.3325974354820867,-0.06341418706398895,31,22.0,0.0083764305821171,27.0,0.0336156056539432
2024-06-01,0.0486361043793814,-0.03896370105760901,14,23.142857142857142,-0.3325974354820867,31.0,0.0336156056539432
2024-06-02,-0.0308013677597045,-0.05067829320788845,10,22.857142857142858,0.0486361043793814,14.0,0.0336156056539432
2024-06-03,-0.0944102534226008,-0.06840465812854248,28,24.142857142857142,-0.0308013677597045,10.0,0.0336156056539432
2024-06-04,-0.1038365944837912,-0.08365060423967759,39,24.714285714285715,-0.0944102534226008,28.0,0.0336156056539432
2024-06-05,-0.042735244333744,-0.07819548007434696,40,27.0,-0.1038365944837912,39.0,0.0336156056539432
2024-06-06,-0.0420291985784258,-0.0853962842401388,35,28.142857142857142,-0.042735244333744,40.0,0.0336156056539432
2024-06-07,-0.0545571339981896,-0.04567624117101064,42,29.714285714285715,-0.0420291985784258,35.0,0.0336156056539432
2024-06-08,-0.0367169891084943,-0.05786954024070717,21,30.714285714285715,-0.0545571339981896,42.0,0.0336156056539432
2024-06-09,-0.0598335564136505,-0.06201699576269946,16,31.571428571428573,-0.0367169891084943,21.0,0.0336156056539432
2024-06-10,-0.0941581726074218,-0.06198098421767389,46,34.142857142857146,-0.0598335564136505,16.0,0.0336156056539432
2024-06-11,-0.075155353059574,-0.057883664014214284,49,35.57142857142857,-0.0941581726074218,46.0,0.0336156056539432
2024-06-12,-0.0259013120518174,-0.055478816545367626,43,36.0,-0.075155353059574,49.0,0.0336156056539432
2024-06-13,0.0602784031070768,-0.04086344487601012,64,40.142857142857146,-0.0259013120518174,43.0,0.0336156056539432
2024-06-14,0.0677909545409373,-0.0233851465132777,78,45.285714285714285,0.0602784031070768,64.0,0.0336156056539432
2024-06-15,0.0609640379746755,-0.009430714072824873,24,45.714285714285715,0.0677909545409373,78.0,0.0336156056539432
2024-06-16,-0.1151506147886577,-0.01733315098354019,19,46.142857142857146,0.0609640379746755,24.0,0.0336156056539432
2024-06-17,-0.0372113226489587,-0.009197886703759744,44,45.857142857142854,-0.1151506147886577,19.0,0.0336156056539432
2024-06-18,-0.0258529259234058,-0.002154682827164285,49,45.857142857142854,-0.0372113226489587,44.0,0.0336156056539432
2024-06-19,-0.0799497206036637,-0.009875884048856615,41,45.57142857142857,-0.0258529259234058,49.0,0.0336156056539432
2024-06-20,0.0341264465275932,-0.0136118778459257,34,41.285714285714285,-0.0799497206036637,41.0,0.0336156056539432
2024-06-21,-0.2444233911878922,-0.05821392723575848,34,35.0,0.0341264465275932,34.0,0.0336156056539432
2024-06-22,-0.2870987197932075,-0.10793717834545606,17,34.0,-0.2444233911878922,34.0,0.0336156056539432
2024-06-23,0.0071283181508382,-0.0904687593540995,12,33.0,-0.2870987197932075,17.0,0.0336156056539432
2024-06-24,-0.0798417000934995,-0.0965588132747482,29,30.857142857142858,0.0071283181508382,12.0,0.0336156056539432
2024-06-25,-0.1635433455308278,-0.11622887321866561,60,32.42857142857143,-0.0798417000934995,29.0,0.0336156056539432
2024-06-26,-0.2073288957277933,-0.13442589823639842,30,30.857142857142858,-0.1635433455308278,60.0,0.0336156056539432
2024-06-27,-0.0660103806427546,-0.14873115926073383,35,31.0,-0.2073288957277933,30.0,0.0336156056539432
2024-06-28,-0.1248750465256827,-0.13165282430898959,35,31.142857142857142,-0.0660103806427546,35.0,0.0336156056539432
2024-06-29,0.0842404266198476,-0.07860437482141032,6,29.571428571428573,-0.1248750465256827,35.0,0.0336156056539432
2024-06-30,0.108250884215037,-0.0641582939550962,15,30.0,0.0842404266198476,6.0,0.0336156056539432
2024-07-01,0.0085410876199603,-0.05153218142460194,32,30.428571428571427,0.108250884215037,15.0,0.0336156056539432
2024-07-02,-0.0571812288119242,-0.03633759332190143,52,29.285714285714285,0.0085410876199603,32.0,0.0336156056539432
2024-07-03,-0.0490634974680448,-0.013728250713365923,38,30.428571428571427,-0.0571812288119242,52.0,0.0336156056539432
2024-07-04,0.1562522833163921,0.018023558423655033,26,29.142857142857142,-0.0490634974680448,38.0,0.0336156056539432
2024-07-05,0.1040300066406662,0.05072428030456202,37,29.428571428571427,0.1562522833163921,26.0,0.0336156056539432
2024-07-06,-0.0428545214235782,0.03256785915550119,16,30.857142857142858,0.1040300066406662,37.0,0.0336156056539432
2024-07-07,-0.001179264141963,0.016934980818786905,13,30.571428571428573,-0.0428545214235782,16.0,0.0336156056539432
2024-07-08,-0.0135679371081865,0.013776548714765937,52,33.42857142857143,-0.001179264141963,13.0,0.0336156056539432
2024-07-09,0.0438512557364524,0.02820976079310545,47,32.714285714285715,-0.0135679371081865,52.0,0.0336156056539432
2024-07-10,-0.0199208422140641,0.032372997257959835,33,32.0,0.0438512557364524,47.0,0.0336156056539432
2024-07-11,-0.2109570123932578,-0.020085473557704434,44,34.57142857142857,-0.0199208422140641,33.0,0.0336156056539432
2024-07-12,0.0099805230047644,-0.033521114077118976,41,35.142857142857146,-0.2109570123932578,44.0,0.0336156056539432
2024-07-13,-0.06409297310389,-0.03655517860287781,26,36.57142857142857,0.0099805230047644,41.0,0.0336156056539432
2024-07-14,-0.0663980679078535,-0.04587215056943359,11,36.285714285714285,-0.06409297310389,26.0,0.0336156056539432
2024-07-15,0.0515618852593682,-0.03656789023121149,44,35.142857142857146,-0.0663980679078535,11.0,0.0336156056539432
2024-07-16,-0.0296488940715789,-0.04706791163235883,40,34.142857142857146,0.0515618852593682,44.0,0.0336156056539432
2024-07-17,-0.0389676094055175,-0.049788878373995024,31,33.857142857142854,-0.0296488940715789,40.0,0.0336156056539432
2024-07-18,0.0103371918201446,-0.01817542062922325,40,33.285714285714285,-0.0389676094055175,31.0,0.0336156056539432
2024-07-19,-0.0008558541536331,-0.019723474508994327,40,33.142857142857146,0.0103371918201446,40.0,0.0336156056539432
2024-07-20,-0.0727866462298802,-0.02096542781270721,14,31.428571428571427,-0.0008558541536331,40.0,0.0336156056539432
2024-07-21,0.0512952850415156,-0.00415209167708305,13,31.714285714285715,-0.0727866462298802,14.0,0.0336156056539432
2024-07-22,-0.0242647362309832,-0.014984466175704678,43,31.571428571428573,0.0512952850415156,13.0,0.0336156056539432
2024-07-23,-0.2024168919344417,-0.03966560872754222,61,34.57142857142857,-0.0242647362309832,43.0,0.0336156056539432
2024-07-24,-0.2258680404135675,-0.06636567030012079,66,39.57142857142857,-0.2024168919344417,61.0,0.099173205943147
2024-07-25,-0.1118229971991645,-0.0838171258743078,45,40.285714285714285,-0.2258680404135675,66.0,0.099173205943147
2024-07-26,0.1204400688409805,-0.06648913687507729,20,37.42857142857143,-0.1118229971991645,45.0,0.099173205943147
2024-07-27,-0.1476810161884014,-0.07718833258343746,13,37.285714285714285,0.1204400688409805,20.0,0.099173205943147
2024-07-28,-0.0266973711550235,-0.08833014061151448,16,37.714285714285715,-0.1476810161884014,13.0,0.099173205943147
2024-07-29,0.0318357792011527,-0.08031578126406648,43,37.714285714285715,-0.0266973711550235,16.0,0.099173205943147
2024-07-30,-0.1742030007223929,-0.07628522537663095,62,37.857142857142854,0.0318357792011527,43.0,0.099173205943147
2024-07-31,0.0263411529520724,-0.04025534061011097,47,35.142857142857146,-0.1742030007223929,62.0,0.099173205943147
2024-08-01,0.0313103199005126,-0.01980772388158567,28,32.714285714285715,0.0263411529520724,47.0,0.099173205943147
2024-08-02,-0.002083703394859,-0.037311119915277025,31,34.285714285714285,0.0313103199005126,28.0,0.099173205943147
2024-08-03,-0.0517501791318257,-0.0236067146214805,15,34.57142857142857,-0.002083703394859,31.0,0.099173205943147
2024-08-04,0.2413254471925588,0.014682259428174114,13,34.142857142857146,-0.0517501791318257,15.0,0.099173205943147
2024-08-05,-0.0986979346017579,-0.003965413972241683,37,33.285714285714285,0.2413254471925588,13.0,0.099173205943147
2024-08-06,-0.1116335368156433,0.004973080871579686,75,35.142857142857146,-0.0986979346017579,37.0,0.099173205943147
2024-08-07,-0.1109227113651506,-0.01463604260230931,33,33.142857142857146,-0.1116335368156433,75.0,0.099173205943147
2024-08-08,-0.0026892577448198,-0.01949312512307108,31,33.57142857142857,-0.1109227113651506,33.0,0.099173205943147
2024-08-09,-0.1012205928564071,-0.03365553790329224,32,33.714285714285715,-0.0026892577448198,31.0,0.099173205943147
2024-08-10,-0.0406952123892934,-0.032076256940073336,19,34.285714285714285,-0.1012205928564071,32.0,0.099173205943147
2024-08-11,-0.3226500015992384,-0.11264417819604436,13,34.285714285714285,-0.0406952123892934,19.0,0.099173205943147
2024-08-12,-0.0785905635356903,-0.10977169661517756,50,36.142857142857146,-0.3226500015992384,13.0,0.099173205943147
2024-08-13,-0.0993548154830932,-0.1080175935676704,25,29.0,-0.0785905635356903,50.0,0.099173205943147
2024-08-14,-0.1759252344307146,-0.11730366829132241,38,29.714285714285715,-0.0993548154830932,25.0,0.099173205943147
2024-08-15,-0.0099117755889892,-0.11833545655477518,28,29.285714285714285,-0.1759252344307146,38.0,0.099173205943147
2024-08-16,0.034614514027323,-0.09893044128567088,28,28.714285714285715,-0.0099117755889892,28.0,0.099173205943147
2024-08-17,-0.0630453186375754,-0.10212331360685403,14,28.0,0.034614514027323,28.0,0.099173205943147
2024-08-18,-0.0905390977859497,-0.0689646130620985,22,29.285714285714285,-0.0630453186375754,14.0,0.099173205943147
2024-08-19,-0.0607599588957699,-0.06641738382782415,55,30.0,-0.0905390977859497,22.0,0.099173205943147
2024-08-20,-0.1295658972528245,-0.07073325265207149,45,32.857142857142854,-0.0607599588957699,55.0,0.099173205943147
2024-08-21,-0.0619717454010585,-0.05445418279069204,53,35.0,-0.1295658972528245,45.0,0.099173205943147
2024-08-22,-0.0822294972561023,-0.06478528588599392,54,38.714285714285715,-0.0619717454010585,53.0,0.099173205943147
2024-08-23,0.0343456208705902,-0.06482369919409861,30,39.0,-0.0822294972561023,54.0,0.099173205943147
2024-08-24,-0.0238851043913099,-0.05922938287320353,18,39.57142857142857,0.0343456208705902,30.0,0.099173205943147
2024-08-25,-0.0816496908664703,-0.05795946759899219,20,39.285714285714285,-0.0238851043913099,18.0,0.099173205943147
2024-08-26,0.0539452348436628,-0.0415730113505018,42,37.42857142857143,-0.0816496908664703,20.0,0.099173205943147
2024-08-27,-0.0865956883538853,-0.03543441007922477,44,37.285714285714285,0.0539452348436628,42.0,0.099173205943147
2024-08-28,-0.0201792305913464,-0.029464050820694476,58,38.0,-0.0865956883538853,44.0,0.099173205943147
2024-08-29,-0.1478317211503567,-0.03883579709130225,46,36.857142857142854,-0.0201792305913464,58.0,0.099173205943147
2024-08-30,0.0526973225853659,-0.03621412541776286,44,38.857142857142854,-0.1478317211503567,46.0,0.099173205943147
2024-08-31,-0.0903105113817297,-0.04570346927353712,23,39.57142857142857,0.0526973225853659,44.0,0.099173205943147
2024-09-01,-0.1814247171084086,-0.05995704445095688,15,38.857142857142854,-0.0903105113817297,23.0,0.099173205943147
2024-09-02,0.1036201020081837,-0.052860634856025324,24,36.285714285714285,-0.1814247171084086,15.0,0.099173205943147
2024-09-03,0.0284403606697365,-0.03642691356693649,54,37.714285714285715,0.1036201020081837,24.0,0.099173205943147
2024-09-04,0.0635031263033549,-0.02447229115340773,42,35.42857142857143,0.0284403606697365,54.0,0.099173205943147
2024-09-05,0.0602669506459622,0.005256090531780684,37,34.142857142857146,0.0635031263033549,42.0,0.099173205943147
2024-09-06,0.059862196445465,0.00627964394036627,29,32.0,0.0602669506459622,37.0,0.099173205943147
2024-09-07,0.0,0.019181145566327655,13,30.571428571428573,0.059862196445465,29.0,0.099173205943147
2024-09-08,0.0270394568259899,0.048961741842670305,26,32.142857142857146,0.0,13.0,0.099173205943147
2024-09-09,0.0451175878787862,0.04060423982418494,58,37.0,0.0270394568259899,26.0,0.099173205943147
2024-09-10,0.0308771307269732,0.040952349832361616,48,36.142857142857146,0.0451175878787862,58.0,0.099173205943147
2024-09-11,0.0118047226042974,0.03356686358963912,42,36.142857142857146,0.0308771307269732,48.0,0.099173205943147
2024-09-12,-0.1032055482268333,0.010213649464954042,40,36.57142857142857,0.0118047226042974,42.0,0.099173205943147
2024-09-13,0.0209176242351531,0.004650139149195202,54,40.142857142857146,-0.1032055482268333,40.0,0.099173205943147
2024-09-14,0.1229021584286409,0.02220759035328676,17,40.714285714285715,0.0209176242351531,54.0,0.099173205943147
2024-09-15,0.0905982918209499,0.031287423923995326,9,38.285714285714285,0.1229021584286409,17.0,0.099173205943147
2024-09-16,-0.0186962790267412,0.0221711572232057,43,36.142857142857146,0.0905982918209499,9.0,0.099173205943147
2024-09-17,-0.0512308303047628,0.010441448504386271,34,34.142857142857146,-0.0186962790267412,43.0,0.099173205943147
2024-09-18,0.0014654744055963,0.008964413047428971,62,37.0,-0.0512308303047628,34.0,0.099173205943147
2024-09-19,0.048700806256887,0.030665320830817584,37,36.57142857142857,0.0014654744055963,62.0,0.099173205943147
2024-09-20,-0.100925486428397,0.013259162164596145,35,33.857142857142854,0.048700806256887,37.0,0.099173205943147
2024-09-21,-0.1401301145553589,-0.024316876833118114,20,34.285714285714285,-0.100925486428397,35.0,0.099173205943147
2024-09-22,-0.1364369643361944,-0.056750484855567294,19,35.714285714285715,-0.1401301145553589,20.0,0.099173205943147
2024-09-23,0.0263165063582933,-0.05032008694341951,52,37.0,-0.1364369643361944,19.0,0.099173205943147
2024-09-24,0.0217194032101404,-0.03989862501271906,21,35.142857142857146,0.0263165063582933,52.0,0.099173205943147
2024-09-25,0.0402918403798883,-0.03435200130210592,33,31.0,0.0217194032101404,21.0,0.099173205943147
2024-09-26,0.017790984023701,-0.03876769019256106,22,28.857142857142858,0.0402918403798883,33.0,0.099173205943147
2024-09-27,-0.0502736395911166,-0.03153171207294957,38,29.285714285714285,0.017790984023701,22.0,0.099173205943147
2024-09-28,-0.0418063814823444,-0.01748546449109036,13,28.285714285714285,-0.0502736395911166,38.0,0.099173205943147
2024-09-29,-0.1392884403467178,-0.017892818206879414,16,27.857142857142858,-0.0418063814823444,13.0,0.099173205943147
2024-09-30,-0.0619865169419961,-0.030507535821206473,68,30.142857142857142,-0.1392884403467178,16.0,0.099173205943147
2024-10-01,-0.0436302398113494,-0.03984319910999073,47,33.857142857142854,-0.0619865169419961,68.0,0.099173205943147
2024-10-02,-0.0648951869586418,-0.05486991730120932,58,37.42857142857143,-0.0436302398113494,47.0,0.099173205943147
2024-10-03,-0.1826347060370863,-0.08350215873846464,57,42.42857142857143,-0.0648951869586418,58.0,0.099173205943147
2024-10-04,-0.1102308794375388,-0.09206747871652496,31,41.42857142857143,-0.1826347060370863,57.0,0.099173205943147
2024-10-05,0.003385325272878,-0.08561152060863604,6,40.42857142857143,-0.1102308794375388,31.0,0.099173205943147
2024-10-06,0.1193156370094844,-0.04866808098632144,14,40.142857142857146,0.003385325272878,6.0,0.099173205943147
2024-10-07,0.0179783153533935,-0.0372445335155515,25,34.0,0.1193156370094844,14.0,0.099173205943147
2024-10-08,0.0130781885236501,-0.029143329467694427,32,31.857142857142858,0.0179783153533935,25.0,0.099173205943147
2024-10-09,0.0134830603412553,-0.017946436996280558,51,30.857142857142858,0.0130781885236501,32.0,0.099173205943147
2024-10-10,-0.0367807522416114,0.0028898421173587136,64,31.857142857142858,0.0134830603412553,51.0,0.099173205943147
2024-10-11,-0.1703490763902664,-0.00569847173303094,92,40.57142857142857,-0.0367807522416114,64.0,0.099173205943147
2024-10-12,-0.0847844566617693,-0.018294154866551983,14,41.714285714285715,-0.1703490763902664,92.0,0.099173205943147
2024-10-13,0.0463031584566289,-0.028724508945531347,11,41.285714285714285,-0.0847844566617693,14.0,0.099173205943147
2024-10-14,-0.0026213275758843,-0.03166731507828531,38,43.142857142857146,0.0463031584566289,11.0,0.099173205943147
2024-10-15,0.0084738826751708,-0.0323250730566395,50,45.714285714285715,-0.0026213275758843,38.0,0.099173205943147
2024-10-16,0.0678733706474304,-0.024555028727185912,45,44.857142857142854,0.0084738826751708,50.0,0.099173205943147
2024-10-17,0.0123482964656971,-0.017536593197570415,27,39.57142857142857,0.0678733706474304,45.0,0.099173205943147
2024-10-18,-0.1450206829655555,-0.013918251279754573,62,35.285714285714285,0.0123482964656971,27.0,0.099173205943147
2024-10-19,-0.1219837731785244,-0.01923243935357673,9,34.57142857142857,-0.1450206829655555,62.0,0.099173205943147
2024-10-20,0.0,-0.02584717627595229,13,34.857142857142854,-0.1219837731785244,9.0,0.099173205943147
2024-10-21,-0.1840179640995828,-0.0517609814936235,38,34.857142857142854,0.0,13.0,0.099173205943147
2024-10-22,-0.1919623503559514,-0.0803947290694981,38,33.142857142857146,-0.1840179640995828,38.0,0.099173205943147
2024-10-23,0.2216473588576683,-0.058427016468035546,65,36.0,-0.1919623503559514,38.0,0.0776387322558103
2024-10-24,0.2211748992695528,-0.028594644638913303,68,41.857142857142854,0.2216473588576683,65.0,0.0776387322558103
2024-10-25,0.0852117668837308,0.004295705339556167,48,39.857142857142854,0.2211748992695528,68.0,0.0776387322558103
2024-10-26,-0.0357727912756112,0.016611559897115193,13,40.42857142857143,0.0852117668837308,48.0,0.0776387322558103
2024-10-27,-0.0776423215866088,0.005519799670456795,11,40.142857142857146,-0.0357727912756112,13.0,0.0776387322558103
2024-10-28,-0.2149387653917074,0.0011025423430104256,32,39.285714285714285,-0.0776423215866088,11.0,0.0776387322558103
2024-10-29,0.0636000539127149,0.03761145723853417,38,39.285714285714285,-0.2149387653917074,32.0,0.0776387322558103
2024-10-30,0.0799525223280254,0.01736933773429948,38,35.42857142857143,0.0636000539127149,38.0,0.0776387322558103
2024-10-31,0.0462981002671378,-0.007613062123188377,35,30.714285714285715,0.0799525223280254,38.0,0.0776387322558103
2024-11-01,0.0705259044965108,-0.009711042464219805,30,28.142857142857142,0.0462981002671378,35.0,0.0776387322558103
2024-11-02,0.0,-0.004600643710561062,9,27.571428571428573,0.0705259044965108,30.0,0.0776387322558103
2024-11-03,-0.14520403444767,-0.014252316976426945,10,27.428571428571427,0.0,9.0,0.0776387322558103
2024-11-04,-0.0238003747330771,0.013053167403377381,36,28.0,-0.14520403444767,10.0,0.0776387322558103
2024-11-05,0.0768753723664717,0.014949641468199782,22,25.714285714285715,-0.0238003747330771,36.0,0.0776387322558103
2024-11-06,0.1206747110073383,0.02076709699381591,26,24.0,0.0768753723664717,22.0,0.0776387322558103
2024-11-07,-0.0041973888874053,0.01355345568602404,20,21.857142857142858,0.1206747110073383,26.0,0.0776387322558103
2024-11-08,0.0860347386562463,0.015769003423129112,33,22.285714285714285,-0.0041973888874053,20.0,0.0776387322558103
2024-11-09,0.0512736531404348,0.023093811014619797,13,22.857142857142858,0.0860347386562463,33.0,0.0776387322558103
2024-11-10,0.0728240779467991,0.054240684213829674,7,22.428571428571427,0.0512736531404348,13.0,0.0776387322558103
2024-11-11,0.0681307017803192,0.06737369514431485,36,22.428571428571427,0.0728240779467991,7.0,0.0776387322558103
2024-11-12,-0.0847956325326647,0.04427783730158108,28,23.285714285714285,0.0681307017803192,36.0,0.0776387322558103
2024-11-13,-0.1688778020184615,0.0029131925836096855,29,23.714285714285715,-0.0847956325326647,28.0,0.0776387322558103
2024-11-14,-0.1467444850131869,-0.017450678291501976,32,25.428571428571427,-0.1688778020184615,29.0,0.0776387322558103
2024-11-15,0.0720636190437689,-0.01944655252185589,41,26.571428571428573,-0.1467444850131869,32.0,0.0776387322558103
2024-11-16,-0.0607284605503082,-0.03544685447767632,10,26.142857142857142,0.0720636190437689,41.0,0.0776387322558103
2024-11-17,0.1616189913316206,-0.022761866851273245,11,26.714285714285715,-0.0607284605503082,10.0,0.0776387322558103
2024-11-18,-0.0491387614837059,-0.039514647317562546,52,29.0,0.1616189913316206,11.0,0.0776387322558103
2024-11-19,-0.1079389403263727,-0.042820834145235125,36,30.142857142857142,-0.0491387614837059,52.0,0.0776387322558103
2024-11-20,0.0085286838667733,-0.01747705044734443,42,32.0,-0.1079389403263727,36.0,0.0776387322558103
2024-11-21,0.0402924322030123,0.009242509154969741,34,32.285714285714285,0.0085286838667733,42.0,0.0776387322558103
2024-11-22,-0.0119869620711715,-0.002764716718593172,27,30.285714285714285,0.0402924322030123,34.0,0.0776387322558103
2024-11-23,-7.51269491095292e-05,0.0059000452244352105,19,31.571428571428573,-0.0119869620711715,27.0,0.0776387322558103
2024-11-24,0.0788250352655138,-0.005927662785008622,14,32.0,-7.51269491095292e-05,19.0,0.0776387322558103
2024-11-25,-0.03569612881312,-0.004007286689210637,52,32.0,0.0788250352655138,14.0,0.0776387322558103
2024-11-26,-0.058707153513318,0.0030258257126543203,42,32.857142857142854,-0.03569612881312,52.0,0.0776387322558103
2024-11-27,-0.1017482539540843,-0.01272802254746819,38,32.285714285714285,-0.058707153513318,42.0,0.0776387322558103
2024-11-28,-0.0434400195425207,-0.02468980136825862,22,30.571428571428573,-0.1017482539540843,38.0,0.0776387322558103
2024-11-29,0.0818186778089274,-0.01128899567110163,23,30.0,-0.0434400195425207,22.0,0.0776387322558103
2024-11-30,-0.0612113431647971,-0.020022740844771285,27,31.142857142857142,0.0818186778089274,23.0,0.0776387322558103
2024-12-01,-0.1124806702136993,-0.04735212734180173,14,31.142857142857142,-0.0612113431647971,27.0,0.0776387322558103
2024-12-02,-0.1710400228147153,-0.06668696934202963,81,35.285714285714285,-0.1124806702136993,14.0,0.0776387322558103
2024-12-03,-0.2260275520384311,-0.09058988341704578,64,38.42857142857143,-0.1710400228147153,81.0,0.0776387322558103
2024-12-04,-0.1076355576515197,-0.0914309268023937,45,39.42857142857143,-0.2260275520384311,64.0,0.0776387322558103
2024-12-05,-0.0431076368937889,-0.09138344356686058,48,43.142857142857146,-0.1076355576515197,45.0,0.0776387322558103
2024-12-06,0.0269297957420349,-0.09922471243355953,38,45.285714285714285,-0.0431076368937889,48.0,0.0776387322558103
2024-12-07,-0.0332571618697222,-0.09523125796283452,17,43.857142857142854,0.0269297957420349,38.0,0.0776387322558103
2024-12-08,0.0029867009112709,-0.07873591923069592,19,44.57142857142857,-0.0332571618697222,17.0,0.0776387322558103
2024-12-09,0.0269411777963443,-0.05045289057197313,49,40.0,0.0029867009112709,19.0,0.0776387322558103
2024-12-10,0.0641892966296937,-0.008993340762241018,54,38.57142857142857,0.0269411777963443,49.0,0.0776387322558103
2024-12-11,0.1212176868790074,0.02369997988497714,57,40.285714285714285,0.0641892966296937,54.0,0.0776387322558103
2024-12-12,0.0512096028436314,0.03717387127603718,44,39.714285714285715,0.1212176868790074,57.0,0.0776387322558103
2024-12-13,0.1087348659833272,0.04886030988193608,42,40.285714285714285,0.0512096028436314,44.0,0.0776387322558103
2024-12-14,0.0655296173962679,0.06297270691993467,22,41.0,0.1087348659833272,42.0,0.0776387322558103
2024-12-15,0.0314409448986961,0.06703759891813828,21,41.285714285714285,0.0655296173962679,22.0,0.0776387322558103
2024-12-16,0.0197605255038239,0.06601179144777822,43,40.42857142857143,0.0314409448986961,21.0,0.0776387322558103
2024-12-17,-0.0286179184913635,0.052753617859055746,32,37.285714285714285,0.0197605255038239,43.0,0.0776387322558103
2024-12-18,-0.0097673340984012,0.034041472005140246,46,35.714285714285715,-0.0286179184913635,32.0,0.0776387322558103
2024-12-19,-0.0423184127911277,0.020680326914460367,46,36.0,-0.0097673340984012,46.0,0.0776387322558103
2024-12-20,-0.2259662402611152,-0.027134116834745686,51,37.285714285714285,-0.0423184127911277,46.0,0.0776387322558103
2024-12-21,-0.0960008561611175,-0.050209898771515035,20,37.0,-0.2259662402611152,51.0,0.0776387322558103
2024-12-22,-0.0578657269477844,-0.06296799474958367,15,36.142857142857146,-0.0960008561611175,20.0,0.0776387322558103
2024-12-23,-0.0787194290676632,-0.07703655968836753,37,35.285714285714285,-0.0578657269477844,15.0,0.0776387322558103
2024-12-24,0.1074119891439165,-0.05760371574047039,28,34.714285714285715,-0.0787194290676632,37.0,0.0776387322558103
2024-12-25,-0.0074020425478617,-0.05726581694753619,9,29.428571428571427,0.1074119891439165,28.0,0.0776387322558103
2024-12-26,0.176253630564763,-0.02604123932526609,13,24.714285714285715,-0.0074020425478617,9.0,0.0776387322558103
2024-12-27,-0.0731377124786376,-0.004208592499197856,10,18.857142857142858,0.176253630564763,13.0,0.0776387322558103
2024-12-28,0.1598455905914306,0.0323408998940233,4,16.571428571428573,-0.0731377124786376,10.0,0.0776387322558103
2024-12-29,0.1051728650927543,0.055632127328385975,8,15.571428571428571,0.1598455905914306,4.0,0.0776387322558103
2024-12-30,0.0384068699444041,0.0723644557586813,17,12.714285714285714,0.1051728650927543,8.0,0.0776387322558103
2024-12-31,-0.0598891741699642,0.04846428957098405,18,11.285714285714286,0.0384068699444041,17.0,0.0776387322558103
2025-01-01,-0.2429840823878412,0.014809712450986988,23,13.285714285714286,-0.0598891741699642,18.0,0.0776387322558103
2025-01-02,-0.4171430759486698,-0.06996124562236054,84,23.428571428571427,-0.2429840823878412,23.0,0.0776387322558103
2025-01-03,-0.143634885994356,-0.08003227041032034,67,31.571428571428573,-0.4171430759486698,84.0,0.0776387322558103
2025-01-04,-0.0448281211512429,-0.10927137208784513,14,33.0,-0.143634885994356,67.0,0.0776387322558103
2025-01-05,-0.1866399884223938,-0.15095892259000915,10,33.285714285714285,-0.0448281211512429,14.0,0.0776387322558103
2025-01-06,-0.1791862504822867,-0.18204365407953635,28,34.857142857142854,-0.1866399884223938,10.0,0.0776387322558103
2025-01-07,-0.3173506844502229,-0.21882386983385907,52,39.714285714285715,-0.1791862504822867,28.0,0.0776387322558103
2025-01-08,-0.0028368581173031,-0.18451712350949645,43,42.57142857142857,-0.3173506844502229,52.0,0.0776387322558103
2025-01-09,-0.0207041246550423,-0.12788298761040684,56,38.57142857142857,-0.0028368581173031,43.0,0.0776387322558103
2025-01-10,-0.0096756770060612,-0.10874595775493615,78,40.142857142857146,-0.0207041246550423,56.0,0.0776387322558103
2025-01-11,-0.0368602357127449,-0.10760768840657929,22,41.285714285714285,-0.0096756770060612,78.0,0.0776387322558103
2025-01-12,-0.0032499068313174,-0.08140910532213978,18,42.42857142857143,-0.0368602357127449,22.0,0.0776387322558103
2025-01-13,-0.0037653905649979,-0.05634898247681284,48,45.285714285714285,-0.0032499068313174,18.0,0.0776387322558103
2025-01-14,-0.0009755425983005,-0.011152533640823916,45,44.285714285714285,-0.0037653905649979,48.0,0.0776387322558103
2025-01-15,-0.1226967573165893,-0.028275376383579087,27,42.0,-0.0009755425983005,45.0,0.0776387322558103
2025-01-16,-0.0276148849063449,-0.029262627848050886,27,37.857142857142854,-0.1226967573165893,27.0,0.0776387322558103
2025-01-17,-0.138979971408844,-0.04773466990559128,31,31.142857142857142,-0.0276148849063449,27.0,0.0776387322558103
2025-01-18,-0.1330743084351221,-0.061479537437359455,12,29.714285714285715,-0.138979971408844,31.0,0.0776387322558103
2025-01-19,0.0307854235172271,-0.056617347387567386,10,28.571428571428573,-0.1330743084351221,12.0,0.0776387322558103
2025-01-20,-0.069995237433392,-0.06607875408305226,23,25.0,0.0307854235172271,10.0,0.0776387322558103
2025-01-21,-0.1544845537705854,-0.08800861282195009,33,23.285714285714285,-0.069995237433392,23.0,0.0776387322558103
2025-01-22,-0.0019017352777368,-0.07075218110211404,34,24.285714285714285,-0.1544845537705854,33.0,0.0776387322558103
2025-01-23,0.0550217458180018,-0.05894694814149307,42,26.428571428571427,-0.0019017352777368,34.0,0.0776387322558103
2025-01-24,0.0592870340831037,-0.030623090214071974,69,31.857142857142858,0.0550217458180018,42.0,0.0776387322558103
2025-01-25,0.0,-0.011612474723340245,11,31.714285714285715,0.0592870340831037,69.0,0.0776387322558103
2025-01-26,-0.0632891158262888,-0.025051694629556802,12,32.0,0.0,11.0,0.0776387322558103
2025-01-27,-0.0776260968966361,-0.026141817410020245,39,34.285714285714285,-0.0632891158262888,12.0,0.0776387322558103
2025-01-28,-0.0722891887029012,-0.014399622400351073,39,35.142857142857146,-0.0776260968966361,39.0,0.0776387322558103
2025-01-29,-0.0881298542022705,-0.02671792510385589,65,39.57142857142857,-0.0722891887029012,39.0,0.0196087297165032
2025-01-30,0.0268009242726795,-0.03074947103890193,67,43.142857142857146,-0.0881298542022705,65.0,0.0196087297165032
2025-01-31,-0.0397735149302381,-0.0449009780408079,47,40.0,0.0268009242726795,67.0,0.0196087297165032
2025-02-01,-0.0948574542999267,-0.058452042940797436,10,39.857142857142854,-0.0397735149302381,47.0,0.0196087297165032
2025-02-02,-0.1681984748159136,-0.07343909422502955,14,40.142857142857146,-0.0948574542999267,10.0,0.0196087297165032
2025-02-03,-0.3439875719723878,-0.1114907335215655,54,42.285714285714285,-0.1681984748159136,14.0,0.0196087297165032
2025-02-04,-0.173820124939084,-0.12599515298387734,48,43.57142857142857,-0.3439875719723878,54.0,0.0196087297165032
2025-02-05,-0.2493860136579584,-0.14903174719183274,54,42.0,-0.173820124939084,48.0,0.0196087297165032
2025-02-06,-0.3163569736480713,-0.1980543040376543,25,36.0,-0.2493860136579584,54.0,0.0196087297165032
2025-02-07,-0.2076282501220703,-0.22203355192220173,27,33.142857142857146,-0.3163569736480713,25.0,0.0196087297165032
2025-02-08,-0.283522109190623,-0.24898564547801552,6,32.57142857142857,-0.2076282501220703,27.0,0.0196087297165032
2025-02-09,0.0,-0.224957291932885,9,31.857142857142858,-0.283522109190623,6.0,0.0196087297165032
2025-02-10,-0.2278861635261111,-0.20837137644055975,27,28.0,0.0,9.0,0.0196087297165032
2025-02-11,-0.2091542463749647,-0.21341910807425699,32,25.714285714285715,-0.2278861635261111,27.0,0.0196087297165032
2025-02-12,-0.1645740583175566,-0.2013031144541996,41,23.857142857142858,-0.2091542463749647,32.0,0.0196087297165032
2025-02-13,-0.1980520659877408,-0.18440241335986668,31,24.714285714285715,-0.1645740583175566,41.0,0.0196087297165032
2025-02-14,-0.1481523254643315,-0.17590585269447542,23,24.142857142857142,-0.1980520659877408,31.0,0.0196087297165032
2025-02-15,-0.2913127216425809,-0.17701879733046938,11,24.857142857142858,-0.1481523254643315,23.0,0.0196087297165032
2025-02-16,-0.2870262927479214,-0.2180225534373153,9,24.857142857142858,-0.2913127216425809,11.0,0.0196087297165032
2025-02-17,-0.17149390067373,-0.20996651588697515,14,23.0,-0.2870262927479214,9.0,0.0196087297165032
2025-02-18,-0.1842643404006958,-0.20641081503350817,25,22.0,-0.17149390067373,14.0,0.0196087297165032
2025-02-19,-0.169116040934687,-0.20705966969309822,23,19.428571428571427,-0.1842643404006958,25.0,0.0196087297165032
2025-02-20,-0.0743544478165476,-0.18938858138292775,19,17.714285714285715,-0.169116040934687,23.0,0.0196087297165032
2025-02-21,-0.3816941891397749,-0.22275170476513395,28,18.428571428571427,-0.0743544478165476,19.0,0.0196087297165032
2025-02-22,0.018089391968467,-0.17855140282069853,11,18.428571428571427,-0.3816941891397749,28.0,0.0196087297165032
2025-02-23,0.1274140427509943,-0.11934564060656773,12,18.857142857142858,0.018089391968467,11.0,0.0196087297165032
2025-02-24,-0.0908628310027875,-0.10782691636786165,38,22.285714285714285,0.1274140427509943,12.0,0.0196087297165032
2025-02-25,-0.2690668972033375,-0.11994156733966761,53,26.285714285714285,-0.0908628310027875,38.0,0.0196087297165032
2025-02-26,-0.2748391088601705,-0.1350448627575938,37,28.285714285714285,-0.2690668972033375,53.0,0.0196087297165032
2025-02-27,-0.2471771202981472,-0.1597338159692509,32,30.142857142857142,-0.2748391088601705,37.0,0.0196087297165032
2025-02-28,-0.226892656401584,-0.1376193112923665,19,28.857142857142858,-0.2471771202981472,32.0,0.0196087297165032
2025-03-01,-0.2053211377217219,-0.16953510124810775,13,29.142857142857142,-0.226892656401584,19.0,0.0196087297165032
2025-03-02,-0.2001601457595825,-0.21633141389247587,13,29.285714285714285,-0.2053211377217219,13.0,0.0196087297165032
2025-03-03,-0.1550322740505903,-0.2254984771850191,39,29.428571428571427,-0.2001601457595825,13.0,0.0196087297165032
2025-03-04,-0.2182496150334676,-0.21823886544646628,45,28.285714285714285,-0.1550322740505903,39.0,0.0196087297165032
2025-03-05,-0.2104902589807705,-0.209046172606552,49,30.0,-0.2182496150334676,45.0,0.0196087297165032
2025-03-06,-0.4891587203009087,-0.2436149726069465,57,33.57142857142857,-0.2104902589807705,49.0,0.0196087297165032
2025-03-07,-0.1877277685749915,-0.238019988631719,31,35.285714285714285,-0.4891587203009087,57.0,0.0196087297165032
2025-03-08,-0.075072968006134,-0.21941310724377788,20,36.285714285714285,-0.1877277685749915,31.0,0.0196087297165032
2025-03-09,-0.3636961927016576,-0.24277539966407433,12,36.142857142857146,-0.075072968006134,20.0,0.0196087297165032
2025-03-10,-0.4369828478962767,-0.28305405307060094,51,37.857142857142854,-0.3636961927016576,12.0,0.0196087297165032
2025-03-11,-0.1875311465405706,-0.27866570042875854,67,41.0,-0.4369828478962767,51.0,0.0196087297165032
2025-03-12,-0.313113201657931,-0.29332612081121,60,42.57142857142857,-0.1875311465405706,67.0,0.0196087297165032
2025-03-13,-0.0684901504981808,-0.23323061083939176,41,40.285714285714285,-0.313113201657931,60.0,0.0196087297165032
2025-03-14,-0.226834191594805,-0.2388172426993651,70,45.857142857142854,-0.0684901504981808,41.0,0.0196087297165032
2025-03-15,-0.2119256632668631,-0.25836762773661215,35,48.0,-0.226834191594805,70.0,0.0196087297165032
2025-03-16,-0.1292299628257751,-0.22487245204005749,20,49.142857142857146,-0.2119256632668631,35.0,0.0196087297165032
2025-03-17,-0.2236541547472514,-0.19439692444733955,63,50.857142857142854,-0.1292299628257751,20.0,0.0196087297165032
2025-03-18,-0.2632104012201417,-0.20520824654442116,53,48.857142857142854,-0.2236541547472514,63.0,0.0196087297165032
2025-03-19,-0.2575363356333512,-0.1972686942551955,52,47.714285714285715,-0.2632104012201417,53.0,0.0196087297165032
2025-03-20,-0.2591048243330486,-0.22449936194589087,67,51.42857142857143,-0.2575363356333512,52.0,0.0196087297165032
2025-03-21,-0.1901541326727186,-0.21925935352844997,70,51.42857142857143,-0.2591048243330486,67.0,0.0196087297165032
2025-03-22,-0.3693490048934673,-0.24174840233225053,29,50.57142857142857,-0.1901541326727186,70.0,0.0196087297165032
2025-03-23,-0.2858766698175006,-0.2641265033310685,18,50.285714285714285,-0.3693490048934673,29.0,0.0196087297165032
2025-03-24,-0.0975872667159064,-0.24611694789801922,59,49.714285714285715,-0.2858766698175006,18.0,0.0196087297165032
2025-03-25,-0.2215165336584222,-0.24016068110348784,58,50.42857142857143,-0.0975872667159064,59.0,0.0196087297165032
2025-03-26,-0.1885037069970911,-0.23029887701259355,44,49.285714285714285,-0.2215165336584222,58.0,0.0196087297165032
2025-03-27,-0.2093813804288705,-0.22319552788342525,48,46.57142857142857,-0.1885037069970911,44.0,0.0196087297165032
2025-03-28,-0.2291313975285261,-0.22876370857711206,39,42.142857142857146,-0.2093813804288705,48.0,0.0196087297165032
2025-03-29,-0.3158032325811164,-0.2211143125324905,43,44.142857142857146,-0.2291313975285261,39.0,0.0196087297165032
2025-03-30,-0.4518714617280399,-0.2448278542339961,17,44.0,-0.3158032325811164,43.0,0.0196087297165032
2025-03-31,-0.228506326675415,-0.2635305770853545,48,42.42857142857143,-0.4518714617280399,17.0,0.0196087297165032
2025-04-01,-0.3293530605733394,-0.278935795216057,48,41.0,-0.228506326675415,48.0,0.0196087297165032
2025-04-02,-0.5032408098651938,-0.32389823848292876,73,45.142857142857146,-0.3293530605733394,48.0,0.0196087297165032
2025-04-03,-0.2645908524592718,-0.3317853059158432,30,42.57142857142857,-0.5032408098651938,73.0,0.0196087297165032
2025-04-04,-0.1903122950483251,-0.32623971984724304,27,40.857142857142854,-0.2645908524592718,30.0,0.0196087297165032
2025-04-05,-0.2691668762880213,-0.3195773832339438,17,37.142857142857146,-0.1903122950483251,27.0,0.0196087297165032
2025-04-06,-0.1545230348904927,-0.2770990365428656,9,36.0,-0.2691668762880213,17.0,0.0196087297165032
2025-04-07,-0.2528431678519529,-0.28057572813951387,34,34.0,-0.1545230348904927,9.0,0.0196087297165032
2025-04-08,-0.3229626993338267,-0.27966281939101206,30,31.428571428571427,-0.2528431678519529,34.0,0.0196087297165032
2025-04-09,-0.0723966326978471,-0.21811365122424822,27,24.857142857142858,-0.3229626993338267,30.0,0.0196087297165032
2025-04-10,-0.2342504777691581,-0.21377931198280345,22,23.714285714285715,-0.0723966326978471,27.0,0.0196087297165032
2025-04-11,-0.344255871242947,-0.23577125143917801,45,26.285714285714285,-0.2342504777691581,22.0,0.0196087297165032
2025-04-12,-0.1435904886041368,-0.21783176748433736,14,25.857142857142858,-0.344255871242947,45.0,0.0196087297165032
2025-04-13,0.0675280094146728,-0.18611018972645654,6,25.428571428571427,-0.1435904886041368,14.0,0.0196087297165032
2025-04-14,-0.1140198474344999,-0.16627828680967757,23,23.857142857142858,0.0675280094146728,6.0,0.0196087297165032
2025-04-15,-0.0190963049729665,-0.12286880190098325,24,23.0,-0.1140198474344999,23.0,0.0196087297165032
2025-04-16,-0.2537943405263564,-0.14878276016219885,34,24.0,-0.0190963049729665,24.0,0.0196087297165032
2025-04-17,-0.088621771853903,-0.1279786593171624,23,24.142857142857142,-0.2537943405263564,34.0,0.0196087297165032
2025-04-18,-0.2806641768526148,-0.11889413154711496,27,21.571428571428573,-0.088621771853903,23.0,0.0196087297165032
2025-04-19,-0.0989723086357116,-0.11252010583733993,15,21.714285714285715,-0.2806641768526148,27.0,0.0196087297165032
2025-04-20,0.0925601919492085,-0.10894407976097768,9,22.142857142857142,-0.0989723086357116,15.0,0.0196087297165032
2025-04-21,-0.3163229150156821,-0.13784451798686084,31,23.285714285714285,0.0925601919492085,9.0,0.0196087297165032
2025-04-22,-0.3899025666086297,-0.19081684107766989,76,30.714285714285715,-0.3163229150156821,31.0,0.0601264972840586
2025-04-23,-0.3283540886991164,-0.2014682336737785,68,35.57142857142857,-0.3899025666086297,76.0,0.0601264972840586
2025-04-24,-0.1327318986256917,-0.20776968035546256,30,36.57142857142857,-0.3283540886991164,68.0,0.0601264972840586
2025-04-25,-0.0082637858390808,-0.16885533878210057,25,36.285714285714285,-0.1327318986256917,30.0,0.0601264972840586
2025-04-26,-0.1970642071503859,-0.18286846714133972,13,36.0,-0.0082637858390808,25.0,0.0601264972840586
2025-04-27,-0.0855103026736866,-0.20830710923032475,11,36.285714285714285,-0.1970642071503859,13.0,0.0601264972840586
2025-04-28,-0.1766027047716338,-0.1883470791954607,29,36.0,-0.0855103026736866,11.0,0.0601264972840586
2025-04-29,0.0149072947956266,-0.13051709899485267,21,28.142857142857142,-0.1766027047716338,29.0,0.0601264972840586
2025-04-30,-0.0092300176620483,-0.08492794598955723,21,21.428571428571427,0.0149072947956266,21.0,0.0601264972840586
2025-05-01,-0.2102653790603984,-0.09600415748022963,66,26.571428571428573,-0.0092300176620483,21.0,0.0601264972840586
2025-05-02,-0.205646727430193,-0.12420172056467423,38,28.428571428571427,-0.2102653790603984,66.0,0.0601264972840586
2025-05-03,-0.1092507001012563,-0.11165693384336998,16,28.857142857142858,-0.205646727430193,38.0,0.0601264972840586
2025-05-04,-0.3151705356744619,-0.14446553855776648,13,29.142857142857142,-0.1092507001012563,16.0,0.0601264972840586
2025-05-05,-0.3045819244450993,-0.16274828422540438,36,30.142857142857142,-0.3151705356744619,13.0,0.0601264972840586
2025-05-06,-0.4114211623867352,-0.22365234953717034,48,34.0,-0.3045819244450993,36.0,0.0601264972840586
2025-05-07,-0.1478959029796076,-0.24346176172539313,51,38.285714285714285,-0.4114211623867352,48.0,0.0601264972840586
2025-05-08,-0.0670015371094147,-0.22299549858953832,48,35.714285714285715,-0.1478959029796076,51.0,0.0601264972840586
2025-05-09,-0.1661423863591374,-0.21735202129367323,37,35.57142857142857,-0.0670015371094147,48.0,0.0601264972840586
2025-05-10,0.0465233385562896,-0.19509858719973808,20,36.142857142857146,-0.1661423863591374,37.0,0.0601264972840586
2025-05-11,-0.160741776227951,-0.17303733585023653,14,36.285714285714285,0.0465233385562896,20.0,0.0601264972840586
2025-05-12,-0.1910216826945543,-0.15681444417158724,32,35.714285714285715,-0.160741776227951,14.0,0.0601264972840586
2025-05-13,-0.148751622643964,-0.11929022420833421,29,33.0,-0.1910216826945543,32.0,0.0601264972840586
2025-05-14,-0.1043193463016958,-0.11306500182577539,34,30.571428571428573,-0.148751622643964,29.0,0.0601264972840586
2025-05-15,-0.1608495712280273,-0.12647186384272005,32,28.285714285714285,-0.1043193463016958,34.0,0.0601264972840586
2025-05-16,-0.0425960018828108,-0.10882238034610196,37,28.285714285714285,-0.1608495712280273,32.0,0.0601264972840586
2025-05-17,-0.0527863336933983,-0.12300947638177165,18,28.0,-0.0425960018828108,37.0,0.0601264972840586
2025-05-18,-0.0519995906136252,-0.10747487843686798,11,27.571428571428573,-0.0527863336933983,18.0,0.0601264972840586
2025-05-19,-0.0650754777284769,-0.08948256344171406,39,28.571428571428573,-0.0519995906136252,11.0,0.0601264972840586
2025-05-20,0.0260142105998414,-0.06451601583545614,66,33.857142857142854,-0.0650754777284769,39.0,0.0601264972840586
2025-05-21,-0.0007604237009839,-0.04972188403535444,41,34.857142857142854,0.0260142105998414,66.0,0.0601264972840586
2025-05-22,0.0531861808370141,-0.019145348026062815,34,35.142857142857146,-0.0007604237009839,41.0,0.0601264972840586
2025-05-23,-0.019399012128512,-0.015831492346877273,36,35.0,0.0531861808370141,34.0,0.0601264972840586
2025-05-24,-0.1173351269501906,-0.02505274852641903,13,34.285714285714285,-0.019399012128512,36.0,0.0601264972840586
2025-05-25,-0.1850065680650564,-0.044053745305194916,13,34.57142857142857,-0.1173351269501906,13.0,0.0601264972840586
2025-05-26,-0.0281608170933193,-0.03878022235731526,18,31.571428571428573,-0.1850065680650564,13.0,0.0601264972840586
2025-05-27,-0.3671499137151039,-0.09494652583087888,59,30.571428571428573,-0.0281608170933193,18.0,0.0601264972840586
2025-05-28,-0.1435489207506179,-0.11534488255225517,44,31.0,-0.3671499137151039,59.0,0.0601264972840586
2025-05-29,-0.0492591040078983,-0.1299799232443855,43,32.285714285714285,-0.1435489207506179,44.0,0.0601264972840586
2025-05-30,-0.1086686406380091,-0.1427327273171708,39,32.714285714285715,-0.0492591040078983,43.0,0.0601264972840586
2025-05-31,-0.0732220790602944,-0.13643086333289992,22,34.0,-0.1086686406380091,39.0,0.0601264972840586
2025-06-01,0.1456510305404663,-0.08919406353211097,5,32.857142857142854,-0.0732220790602944,22.0,0.0601264972840586
2025-06-02,-0.0709794676966137,-0.09531101361829587,54,38.0,0.1456510305404663,5.0,0.0601264972840586
2025-06-03,-0.0713865629264286,-0.05305910636277083,42,35.57142857142857,-0.0709794676966137,54.0,0.0601264972840586
2025-06-04,-0.2301170974969864,-0.06542598875510919,48,36.142857142857146,-0.0713865629264286,42.0,0.0601264972840586
2025-06-05,-0.3751475294431051,-0.11198147810299587,60,38.57142857142857,-0.2301170974969864,48.0,0.0601264972840586
2025-06-06,-0.1308361634060188,-0.1151482670698544,81,44.57142857142857,-0.3751475294431051,60.0,0.0601264972840586
2025-06-07,-0.2532540308801751,-0.14086711732983734,19,44.142857142857146,-0.1308361634060188,81.0,0.0601264972840586
2025-06-08,0.0081491722510411,-0.16051023994261238,13,45.285714285714285,-0.2532540308801751,19.0,0.0601264972840586
2025-06-09,-0.2701999295589535,-0.18897030592294664,43,43.714285714285715,0.0081491722510411,13.0,0.0601264972840586
2025-06-10,-0.1075717960634539,-0.1941396249425217,62,46.57142857142857,-0.2701999295589535,43.0,0.0601264972840586
2025-06-11,-0.180078465629507,-0.1869912489614532,54,47.42857142857143,-0.1075717960634539,62.0,0.0601264972840586
2025-06-12,-0.1288377811511357,-0.15180414206260043,30,43.142857142857146,-0.180078465629507,54.0,0.0601264972840586
2025-06-13,0.0132915318012237,-0.13121447131870864,60,40.142857142857146,-0.1288377811511357,30.0,0.0601264972840586
2025-06-14,-0.214644618332386,-0.12569884095473877,16,39.714285714285715,0.0132915318012237,60.0,0.0601264972840586
2025-06-15,0.0331782884895801,-0.12212325292066174,16,40.142857142857146,-0.214644618332386,16.0,0.0601264972840586
2025-06-16,-0.0327962685275722,-0.088208444201893,37,39.285714285714285,0.0331782884895801,16.0,0.0601264972840586
2025-06-17,-0.0512032341212034,-0.08015579249585722,32,35.0,-0.0327962685275722,37.0,0.0601264972840586
2025-06-18,-0.201006355030196,-0.08314549098166991,28,31.285714285714285,-0.0512032341212034,32.0,0.0601264972840586
2025-06-19,-0.0428815904785605,-0.07086603517130205,17,29.428571428571427,-0.201006355030196,28.0,0.0601264972840586
2025-06-20,0.046118756702968,-0.06617643161391,35,25.857142857142858,-0.0428815904785605,17.0,0.0601264972840586
2025-06-21,0.0163201967875162,-0.03318145802535254,15,25.714285714285715,0.046118756702968,35.0,0.0601264972840586
2025-06-22,-0.0650885139192853,-0.04721957265519045,35,28.428571428571427,0.0163201967875162,15.0,0.0601264972840586
2025-06-23,0.0404184452125004,-0.03676032783518008,70,33.142857142857146,-0.0650885139192853,35.0,0.0601264972840586
2025-06-24,-0.1786677906146416,-0.054969550191385545,52,36.0,0.0404184452125004,70.0,0.0601264972840586
2025-06-25,-0.4324553857247035,-0.08803369743345804,42,38.0,-0.1786677906146416,52.0,0.0601264972840586
2025-06-26,-0.099535459280014,-0.0961271072622371,40,41.285714285714285,-0.4324553857247035,42.0,0.0601264972840586
2025-06-27,-0.3017217534961122,-0.14581860871924857,33,41.0,-0.099535459280014,40.0,0.0601264972840586
2025-06-28,0.0714369903911243,-0.13794478106159028,22,42.0,-0.3017217534961122,33.0,0.0601264972840586
2025-06-29,0.052469735344251,-0.12115074545251366,12,38.714285714285715,0.0714369903911243,22.0,0.0601264972840586
2025-06-30,-0.0723300725221633,-0.1372576765574656,32,33.285714285714285,0.052469735344251,12.0,0.0601264972840586
2025-07-01,-0.1236374183343007,-0.1293961948031312,52,33.285714285714285,-0.0723300725221633,32.0,0.0601264972840586
2025-07-02,-0.5489248179254078,-0.14603468511751755,63,36.285714285714285,-0.1236374183343007,52.0,0.0601264972840586
2025-07-03,-0.2328230617222962,-0.16507577118070071,54,38.285714285714285,-0.5489248179254078,63.0,0.0601264972840586
2025-07-04,-0.0574054874871906,-0.13017344746514045,19,36.285714285714285,-0.2328230617222962,54.0,0.0601264972840586
2025-07-05,-0.1535612046718597,-0.16231604675985248,6,34.0,-0.0574054874871906,19.0,0.0601264972840586
2025-07-06,-0.3780020610852675,-0.2238120176783551,11,33.857142857142854,-0.1535612046718597,6.0,0.0601264972840586
2025-07-07,-0.4154355921175169,-0.2728270919062628,46,35.857142857142854,-0.3780020610852675,11.0,0.0601264972840586
2025-07-08,-0.2798996992183454,-0.29515027488969775,33,33.142857142857146,-0.4154355921175169,46.0,0.0601264972840586
2025-07-09,-0.1414164738221602,-0.23693479716066235,22,27.285714285714285,-0.2798996992183454,33.0,0.0601264972840586
2025-07-10,-0.0040944392030889,-0.20425927965791849,55,27.428571428571427,-0.1414164738221602,22.0,0.0601264972840586
2025-07-11,-0.1603372673834524,-0.21896381964309874,31,29.142857142857142,-0.0040944392030889,55.0,0.0601264972840586
2025-07-12,0.1557968982628413,-0.17476980493814143,14,30.285714285714285,-0.1603372673834524,31.0,0.0601264972840586
2025-07-13,-0.1368907860347203,-0.14032533707377753,7,29.714285714285715,0.1557968982628413,14.0,0.0601264972840586
2025-07-14,-0.1108913580576578,-0.0968190179223691,60,31.714285714285715,-0.1368907860347203,7.0,0.0601264972840586
2025-07-15,0.028239952079181,-0.05279906773700819,58,35.285714285714285,-0.1108913580576578,60.0,0.0601264972840586
2025-07-16,-0.0541027719559876,-0.040325681756126386,46,38.714285714285715,0.028239952079181,58.0,0.0601264972840586
2025-07-17,-0.1255460056391629,-0.05767590553270839,44,37.142857142857146,-0.0541027719559876,46.0,0.0601264972840586
2025-07-18,0.0935687323411305,-0.021403619857767973,24,36.142857142857146,-0.1255460056391629,44.0,0.0601264972840586
2025-07-19,0.0769840819495064,-0.03266259361681582,14,36.142857142857146,0.0935687323411305,24.0,0.0601264972840586
2025-07-20,0.0439557292882134,-0.006827377142111001,17,37.57142857142857,0.0769840819495064,14.0,0.0601264972840586
2025-07-21,-0.1296380285335623,-0.009505472924383071,46,35.57142857142857,0.0439557292882134,17.0,0.0601264972840586
2025-07-22,-0.1203907084843469,-0.030738424433458485,63,36.285714285714285,-0.1296380285335623,46.0,0.0601264972840586
2025-07-23,-0.4152930062828642,-0.082337029337298,66,39.142857142857146,-0.1203907084843469,63.0,0.2329132120524134
2025-07-24,-0.2998302560586195,-0.10723477939722037,65,42.142857142857146,-0.4152930062828642,66.0,0.2329132120524134
2025-07-25,-0.0503752600338499,-0.12779820687936044,59,47.142857142857146,-0.2998302560586195,65.0,0.2329132120524134
2025-07-26,0.0029060997461017,-0.1383807757655611,19,47.857142857142854,-0.0503752600338499,59.0,0.2329132120524134
2025-07-27,-0.0773053169250488,-0.1557037823674557,19,48.142857142857146,0.0029060997461017,19.0,0.2329132120524134
2025-07-28,0.0922270234142031,-0.12400877494634635,70,51.57142857142857,-0.0773053169250488,19.0,0.2329132120524134
2025-07-29,0.0009802824921078,-0.10667006194970997,45,49.0,0.0922270234142031,70.0,0.2329132120524134
2025-07-30,-0.0100202560424804,-0.04877395477251229,36,44.714285714285715,0.0009802824921078,45.0,0.2329132120524134
2025-07-31,-0.0615607272176181,-0.014735450652369237,34,40.285714285714285,-0.0100202560424804,36.0,0.2329132120524134
2025-08-01,-0.3998226343199264,-0.06465650412180873,43,38.0,-0.0615607272176181,34.0,0.2329132120524134
2025-08-02,-0.5090242365996043,-0.13778940931405242,15,37.42857142857143,-0.3998226343199264,43.0,0.2329132120524134
2025-08-03,0.0627259016036987,-0.11778494952423135,10,36.142857142857146,-0.5090242365996043,15.0,0.2329132120524134
2025-08-04,-0.1080233756925018,-0.1463921493966178,71,36.285714285714285,0.0627259016036987,10.0,0.2329132120524134
2025-08-05,-0.2496225252747535,-0.1821925505061694,40,35.57142857142857,-0.1080233756925018,71.0,0.2329132120524134
2025-08-06,-0.1316144442871997,-0.19956314882684362,38,35.857142857142854,-0.2496225252747535,40.0,0.2329132120524134
2025-08-07,-0.0839964181184768,-0.20276824752696626,30,35.285714285714285,-0.1316144442871997,38.0,0.2329132120524134
2025-08-08,-0.1825587139888243,-0.1717305446225231,44,35.42857142857143,-0.0839964181184768,30.0,0.2329132120524134
2025-08-09,-0.3392197847366333,-0.1474727657849558,15,35.42857142857143,-0.1825587139888243,44.0,0.2329132120524134
2025-08-10,-0.0632157564163208,-0.16546443121638715,10,35.42857142857143,-0.3392197847366333,15.0,0.2329132120524134
2025-08-11,-0.1773692352904213,-0.17537098258751854,36,30.428571428571427,-0.0632157564163208,10.0,0.2329132120524134
2025-08-12,-0.0536443856027391,-0.14737410549151647,36,29.857142857142858,-0.1773692352904213,36.0,0.2329132120524134
2025-08-13,0.0753539518306129,-0.11780719176040037,19,27.142857142857142,-0.0536443856027391,36.0,0.2329132120524134
2025-08-14,-0.024035374323527,-0.10924132836112184,18,25.428571428571427,0.0753539518306129,19.0,0.2329132120524134
2025-08-15,-0.2448560567129226,-0.11814094875027874,21,22.142857142857142,-0.024035374323527,18.0,0.2329132120524134
2025-08-16,0.1697933673858642,-0.045424784161350526,11,21.571428571428573,-0.2448560567129226,21.0,0.2329132120524134
2025-08-17,-0.1549845139185587,-0.05853460666167022,6,21.0,0.1697933673858642,11.0,0.2329132120524134
2025-08-18,-0.0881658389287836,-0.04579126432429342,34,20.714285714285715,-0.1549845139185587,6.0,0.2329132120524134
2025-08-19,0.0078614776784723,-0.0370047124269775,55,23.428571428571427,-0.0881658389287836,34.0,0.2329132120524134
2025-08-20,-0.0176539765463935,-0.05029155933797841,45,27.142857142857142,0.0078614776784723,55.0,0.2329132120524134
2025-08-21,-0.0692948215716593,-0.05675719465914016,37,29.857142857142858,-0.0176539765463935,45.0,0.2329132120524134
2025-08-22,-0.0509824942458759,-0.02906097144956207,33,31.571428571428573,-0.0692948215716593,37.0,0.2329132120524134
2025-08-23,0.0656809558471043,-0.043934173097956344,12,31.714285714285715,-0.0509824942458759,33.0,0.2329132120524134
2025-08-24,0.0740392671691046,-0.011216490085433016,9,32.142857142857146,0.0656809558471043,12.0,0.2329132120524134
2025-08-25,-0.0676738200709223,-0.008289058820024259,32,31.857142857142858,0.0740392671691046,9.0,0.2329132120524134
2025-08-26,-0.0522713519278026,-0.0168794630494921,21,27.0,-0.0676738200709223,32.0,0.2329132120524134
2025-08-27,0.0413034016435796,-0.008456980450924514,22,23.714285714285715,-0.0522713519278026,21.0,0.2329132120524134
2025-08-28,-0.2732831884074855,-0.037598175713185404,37,23.714285714285715,0.0413034016435796,22.0,0.2329132120524134
2025-08-29,0.1113132364822156,-0.014413071323458048,66,28.428571428571427,-0.2732831884074855,37.0,0.2329132120524134
2025-08-30,-0.0165184661746025,-0.02615584589798759,16,29.0,0.1113132364822156,66.0,0.2329132120524134
2025-08-31,-0.0834610859553019,-0.04865589634433137,15,29.857142857142858,-0.0165184661746025,16.0,0.2329132120524134
2025-09-01,-0.3384104150312918,-0.0873325527672413,27,29.142857142857142,-0.0834610859553019,15.0,0.2329132120524134
2025-09-02,-0.1415321631678219,-0.10008409723010121,58,34.42857142857143,-0.3384104150312918,27.0,0.2329132120524134
2025-09-03,-0.1464632854742162,-0.1269079096755006,34,36.142857142857146,-0.1415321631678219,58.0,0.2329132120524134
2025-09-04,0.0110001806859616,-0.08629599980500816,27,34.714285714285715,-0.1464632854742162,34.0,0.2329132120524134
2025-09-05,0.0817848109837734,-0.09051434630478562,66,34.714285714285715,0.0110001806859616,27.0,0.2329132120524134
2025-09-06,0.0166649421056111,-0.08577385940761224,15,34.57142857142857,0.0817848109837734,66.0,0.2329132120524134
2025-09-07,0.1733424842357635,-0.0490876350946029,10,33.857142857142854,0.0166649421056111,15.0,0.2329132120524134
2025-09-08,-0.2663483831190293,-0.038793059107136825,31,34.42857142857143,0.1733424842357635,10.0,0.2329132120524134
2025-09-09,-0.0857776645067575,-0.030828130726984766,37,31.428571428571427,-0.2663483831190293,31.0,0.2329132120524134
2025-09-10,-0.085455753586509,-0.022112769028740882,33,31.285714285714285,-0.0857776645067575,37.0,0.2329132120524134
2025-09-11,-0.0258387270427885,-0.02737547013284804,21,30.428571428571427,-0.085455753586509,33.0,0.2329132120524134
2025-09-12,-0.0476608140902085,-0.04586770228627403,22,24.142857142857142,-0.0258387270427885,21.0,0.2329132120524134
2025-09-13,-0.1186733245849609,-0.06520174038492717,15,24.142857142857142,-0.0476608140902085,22.0,0.2329132120524134
2025-09-14,0.0581241895755132,-0.08166149676496293,12,24.428571428571427,-0.1186733245849609,15.0,0.2329132120524134
2025-09-15,0.1378829479217529,-0.023914163759136898,46,26.571428571428573,0.0581241895755132,12.0,0.2329132120524134
2025-09-16,-0.2098409112483736,-0.04163748472222491,63,30.285714285714285,0.1378829479217529,46.0,0.2329132120524134
2025-09-17,-0.2301719995105967,-0.06231123413995172,34,30.428571428571427,-0.2098409112483736,63.0,0.2329132120524134
2025-09-18,-0.1422797908654084,-0.07894567182889742,37,32.714285714285715,-0.2301719995105967,34.0,0.2329132120524134
2025-09-19,0.1223585994347282,-0.05465718418247789,23,32.857142857142854,-0.1422797908654084,37.0,0.2329132120524134
2025-09-20,0.0734267372351426,-0.027214318208177397,13,32.57142857142857,0.1223585994347282,23.0,0.2329132120524134
2025-09-21,0.0401152188961322,-0.029787028305231823,13,32.714285714285715,0.0734267372351426,13.0,0.2329132120524134
2025-09-22,0.1763382712999979,-0.02429341067976825,15,28.285714285714285,0.0401152188961322,13.0,0.2329132120524134
2025-09-23,-0.0248508128252896,0.0021337462378151783,22,22.428571428571427,0.1763382712999979,15.0,0.2329132120524134
2025-09-24,0.0264601111412048,0.038795476330929675,19,20.285714285714285,-0.0248508128252896,22.0,0.2329132120524134
2025-09-25,-0.2224907577037811,0.027336766782590727,30,19.285714285714285,0.0264601111412048,19.0,0.2329132120524134
2025-09-26,0.0381719813897059,0.015310107061873251,26,19.714285714285715,-0.2224907577037811,30.0,0.2329132120524134
2025-09-27,0.1234173132823063,0.02245161792575378,13,19.714285714285715,0.0381719813897059,26.0,0.2329132120524134
2025-09-28,-0.2011322470811697,-0.012012305785289347,13,19.714285714285715,0.1234173132823063,13.0,0.2329132120524134
2025-09-29,-0.0062403927246729,-0.03809497207452804,24,21.0,-0.2011322470811697,13.0,0.2329132120524134
2025-09-30,-0.0477232312162717,-0.04136246041609691,24,21.285714285714285,-0.0062403927246729,24.0,0.2329132120524134
2025-10-01,-0.0147734686385753,-0.047252971813208346,43,24.714285714285715,-0.0477232312162717,24.0,0.2329132120524134
2025-10-02,0.165152861126538,0.00812468801969438,58,28.714285714285715,-0.0147734686385753,43.0,0.2329132120524134
2025-10-03,-0.0339353931885139,-0.002176365491479877,51,32.285714285714285,0.165152861126538,58.0,0.2329132120524134
2025-10-04,-0.1180947257412804,-0.03667808535199226,18,33.0,-0.0339353931885139,51.0,0.2329132120524134
2025-10-05,-0.0856927573680877,-0.020186729678694837,10,32.57142857142857,-0.1180947257412804,18.0,0.2329132120524134
2025-10-06,-0.0910727112066178,-0.03230563231897268,42,35.142857142857146,-0.0856927573680877,10.0,0.2329132120524134
2025-10-07,-0.0148684432109196,-0.02761209117535095,72,42.0,-0.0910727112066178,42.0,0.2329132120524134
2025-10-08,-0.0417356013127093,-0.03146382441451295,53,43.42857142857143,-0.0148684432109196,72.0,0.2329132120524134
2025-10-09,-0.2726665667949184,-0.094009456974721,62,44.0,-0.0417356013127093,53.0,0.2329132120524134
2025-10-10,-0.0895833174387614,-0.10195916043904207,42,42.714285714285715,-0.2726665667949184,62.0,0.2329132120524134
2025-10-11,0.2646230906248092,-0.047285186672457846,12,41.857142857142854,-0.0895833174387614,42.0,0.2329132120524134
2025-10-12,0.0,-0.035043364191302474,8,41.57142857142857,0.2646230906248092,12.0,0.2329132120524134
2025-10-13,-0.0180168160886475,-0.024606807745878142,33,40.285714285714285,0.0,8.0,0.2329132120524134
2025-10-14,-0.1182925124322214,-0.03938167477749268,31,34.42857142857143,-0.0180168160886475,33.0,0.2329132120524134
2025-10-15,0.0359982865698197,-0.028276833651417112,34,31.714285714285715,-0.1182925124322214,31.0,0.2329132120524134
2025-10-16,0.1124814774679101,0.02674431552898696,23,26.142857142857142,0.0359982865698197,34.0,0.2329132120524134
2025-10-17,-0.0813097080280041,0.027926259730523723,29,24.285714285714285,0.1124814774679101,23.0,0.2329132120524134
2025-10-18,0.081161532137129,0.001717465660855118,18,25.142857142857142,-0.0813097080280041,29.0,0.2329132120524134
2025-10-19,-0.0411117752393086,-0.004155645087617539,15,26.142857142857142,0.081161532137129,18.0,0.2329132120524134
2025-10-20,0.0215236283838748,0.0014929898370285041,32,26.0,-0.0411117752393086,15.0,0.2329132120524134
2025-10-21,-0.0914530404976436,0.0053272001133967605,35,26.571428571428573,0.0215236283838748,32.0,0.2329132120524134
2025-10-22,-0.2904356610443857,-0.041306220974346865,72,32.0,-0.0914530404976436,35.0,0.1752495557069778
2025-10-23,-0.2264155822140829,-0.089720086643203,70,38.714285714285715,-0.2904356610443857,72.0,0.1752495557069778
2025-10-24,-0.0902249567648943,-0.09099369360561589,34,39.42857142857143,-0.2264155822140829,70.0,0.1752495557069778
2025-10-25,0.0903438031673431,-0.0896819406012996,16,39.142857142857146,-0.0902249567648943,34.0,0.1752495557069778
2025-10-26,-0.0420171712574205,-0.08981128288960129,19,39.714285714285715,0.0903438031673431,16.0,0.1752495557069778
2025-10-27,-0.1349947373072306,-0.11217104941690206,45,41.57142857142857,-0.0420171712574205,19.0,0.1752495557069778
2025-10-28,-0.1804764477574095,-0.12488867902544006,49,43.57142857142857,-0.1349947373072306,45.0,0.1752495557069778
2025-10-29,-0.142047269269824,-0.10369033734335982,32,37.857142857142854,-0.1804764477574095,49.0,0.1752495557069778
2025-10-30,-0.0388892818899715,-0.07690086586848675,34,32.714285714285715,-0.142047269269824,32.0,0.1752495557069778
2025-10-31,-0.0276321812912269,-0.06795904080081998,27,31.714285714285715,-0.0388892818899715,34.0,0.1752495557069778
2025-11-01,-0.0751562317212422,-0.09160190292776073,12,31.142857142857142,-0.0276321812912269,27.0,0.1752495557069778
2025-11-02,-0.0593431081090654,-0.09407703676371001,14,30.428571428571427,-0.0751562317212422,12.0,0.1752495557069778
2025-11-03,-0.2682008730040656,-0.11310648472040072,45,30.428571428571427,-0.0593431081090654,14.0,0.1752495557069778
2025-11-04,-0.2294857655252729,-0.12010781583009549,35,28.428571428571427,-0.2682008730040656,45.0,0.1752495557069778
2025-11-05,-0.1154886024338858,-0.11631372056781861,35,28.857142857142858,-0.2294857655252729,35.0,0.1752495557069778
2025-11-06,0.1358660018607361,-0.09134868003200323,73,34.42857142857143,-0.1154886024338858,35.0,0.1752495557069778
2025-11-07,0.0668806859425136,-0.07784684185575459,70,40.57142857142857,0.1358660018607361,73.0,0.1752495557069778
2025-11-08,-0.0033609678870753,-0.06759037559373074,19,41.57142857142857,0.0668806859425136,70.0,0.1752495557069778
2025-11-09,0.1694556415081024,-0.034904839934135345,10,41.0,-0.0033609678870753,19.0,0.1752495557069778
2025-11-10,-0.2011689475991509,-0.025328850590576105,44,40.857142857142854,0.1694556415081024,10.0,0.1752495557069778
2025-11-11,-0.0833631634712219,-0.0044541931542831075,35,40.857142857142854,-0.2011689475991509,44.0,0.1752495557069778
2025-11-12,-0.1004775139418515,-0.002309751941135351,22,39.0,-0.0833631634712219,35.0,0.1752495557069778
2025-11-13,-0.0793747345606486,-0.03305842857276174,60,37.142857142857146,-0.1004775139418515,22.0,0.1752495557069778
2025-11-14,-0.1455812141299247,-0.06341012858311007,40,32.857142857142854,-0.0793747345606486,60.0,0.1752495557069778
2025-11-15,-0.0346836021968296,-0.06788479062736068,14,32.142857142857146,-0.1455812141299247,40.0,0.1752495557069778
2025-11-16,0.0046862959861755,-0.0914232685590645,9,32.0,-0.0346836021968296,14.0,0.1752495557069778
2025-11-17,-0.0217266043550089,-0.06578864809561567,38,31.142857142857142,0.0046862959861755,9.0,0.1752495557069778
2025-11-18,-0.1295909984358425,-0.07239262451913289,29,30.285714285714285,-0.0217266043550089,38.0,0.1752495557069778
2025-11-19,-0.0198851404963312,-0.06087942831263,37,32.42857142857143,-0.1295909984358425,29.0,0.1752495557069778
2025-11-20,-0.0538327807471865,-0.0572305777678497,21,26.857142857142858,-0.0198851404963312,37.0,0.1752495557069778
2025-11-21,-0.174012611741605,-0.061292205998089745,23,24.428571428571427,-0.0538327807471865,21.0,0.1752495557069778
2025-11-22,0.0,-0.056337405684256936,10,23.857142857142858,-0.174012611741605,23.0,0.1752495557069778
2025-11-23,0.0,-0.05700687653942487,3,23.0,0.0,10.0,0.1752495557069778
2025-11-24,-0.2461466581532449,-0.08906688422488715,33,22.285714285714285,0.0,3.0,0.1752495557069778
2025-11-25,-0.2720528953784221,-0.10941858378811282,37,23.428571428571427,-0.2461466581532449,33.0,0.1752495557069778
2025-11-26,-0.1734011049928336,-0.13134943585904174,29,22.285714285714285,-0.2720528953784221,37.0,0.1752495557069778
2025-11-27,-0.1380722920099894,-0.14338365175372786,12,21.0,-0.1734011049928336,29.0,0.1752495557069778
2025-11-28,-0.1371064990758896,-0.13811134994433993,20,20.571428571428573,-0.1380722920099894,12.0,0.1752495557069778
2025-11-29,-0.0752004124224186,-0.14885426600468546,16,21.428571428571427,-0.1371064990758896,20.0,0.1752495557069778
2025-11-30,-0.0058386325836181,-0.14968835637377373,14,23.0,-0.0752004124224186,16.0,0.1752495557069778
2025-12-01,-0.0999260503670265,-0.1287996981185997,29,22.428571428571427,-0.0058386325836181,14.0,0.1752495557069778
2025-12-02,0.0078779082549245,-0.0888095833138359,38,22.571428571428573,-0.0999260503670265,29.0,0.1752495557069778
2025-12-03,0.0077119819049177,-0.06293628518558571,29,22.571428571428573,0.0078779082549245,38.0,0.1752495557069778
2025-12-04,-0.1188650063105992,-0.060192387228529966,35,25.857142857142858,0.0077119819049177,29.0,0.1752495557069778
2025-12-05,0.0921809868379072,-0.027437032097987566,55,30.857142857142858,-0.1188650063105992,35.0,0.1752495557069778
2025-12-06,0.0627110492099415,-0.007735394721936119,11,30.142857142857142,0.0921809868379072,55.0,0.1752495557069778
2025-12-07,-0.007990151643753,-0.008042754587669676,10,29.571428571428573,0.0627110492099415,11.0,0.1752495557069778
2025-12-08,-0.0226514685985653,0.0029964713792533524,43,31.571428571428573,-0.007990151643753,10.0,0.1752495557069778
2025-12-09,-0.0352746831609847,-0.0031681845373051046,47,32.857142857142854,-0.0226514685985653,43.0,0.1752495557069778
2025-12-10,0.0109264282509684,-0.002708977916440719,32,33.285714285714285,-0.0352746831609847,47.0,0.1752495557069778
2025-12-11,0.026130586862564,0.01800467825115402,32,32.857142857142854,0.0109264282509684,32.0,0.1752495557069778
2025-12-12,-0.1293112075150902,-0.013637063799274178,67,34.57142857142857,0.026130586862564,32.0,0.1752495557069778
2025-12-13,-0.0758448785001581,-0.03343076775785984,55,40.857142857142854,-0.1293112075150902,67.0,0.1752495557069778
2025-12-14,-0.0797686551479583,-0.04368483968703202,47,46.142857142857146,-0.0758448785001581,55.0,0.1752495557069778
2025-12-15,0.0835783360969452,-0.028509153301959085,84,52.0,-0.0797686551479583,47.0,0.1752495557069778
2025-12-16,0.0481729209423065,-0.01658806700148892,54,53.0,0.0835783360969452,84.0,0.1752495557069778
2025-12-17,-0.3331321444776323,-0.0657392916770033,72,58.714285714285715,0.0481729209423065,54.0,0.1752495557069778
2025-12-18,-0.2087858954201573,-0.09929878914596348,46,60.714285714285715,-0.3331321444776323,72.0,0.1752495557069778
2025-12-19,-0.2064664818950601,-0.1103209712002449,74,61.714285714285715,-0.2087858954201573,46.0,0.1752495557069778
2025-12-20,-0.0863075738861447,-0.11181564196967156,63,62.857142857142854,-0.2064664818950601,74.0,0.1752495557069778
2025-12-21,-0.0024842297708666,-0.10077500977294418,37,61.42857142857143,-0.0863075738861447,63.0,0.1752495557069778
2025-12-22,-0.0505141107241312,-0.11993107360452651,75,60.142857142857146,-0.0024842297708666,37.0,0.1752495557069778
2025-12-23,-0.1520089861356987,-0.1485284889013844,53,60.0,-0.0505141107241312,75.0,0.1752495557069778
2025-12-24,-0.0867903468670783,-0.1133368035284481,77,60.714285714285715,-0.1520089861356987,53.0,0.1752495557069778
2025-12-25,-0.0773175866515548,-0.09455561656150491,27,58.0,-0.0867903468670783,77.0,0.1752495557069778
2025-12-26,-0.1303480107609818,-0.08368154925663658,82,59.142857142857146,-0.0773175866515548,27.0,0.1752495557069778
2025-12-27,-0.0428219694982875,-0.07746932005837126,44,56.42857142857143,-0.1303480107609818,82.0,0.1752495557069778
2025-12-28,-0.1436062323845039,-0.09762960614603375,59,59.57142857142857,-0.0428219694982875,44.0,0.1752495557069778
2025-12-29,-0.2385587356984615,-0.1244931239995095,80,60.285714285714285,-0.1436062323845039,59.0,0.1752495557069778
2025-12-30,-0.2235283586714002,-0.13471017721889542,54,60.42857142857143,-0.2385587356984615,80.0,0.1752495557069778
2025-12-31,-0.0716299542358943,-0.132544406843012,70,59.42857142857143,-0.2235283586714002,54.0,0.1752495557069778
2026-01-01,-0.1387627273797989,-0.14132228408990402,32,60.142857142857146,-0.0716299542358943,70.0,0.1752495557069778
